t_rel,estop,throttle,brake,steer,mode,watchdog
0.009806014,0,0.06391877681016922,0.0,-0.00225586025044322,D,0
0.06082467,0,0.11520888656377792,0.0,-0.02075391449034214,D,0
0.110167338,0,0.11520888656377792,0.0,-0.02075391449034214,D,0
0.160770117,0,0.16328644752502441,0.0,-0.02075391449034214,D,0
0.210112976,0,0.16328644752502441,0.0,-0.02075391449034214,D,0
0.260799455,0,0.21335799992084503,0.0,-0.0027070322539657354,D,0
0.310103472,0,0.21335799992084503,0.0,-0.0027070322539657354,D,0
0.360760163,0,0.2500254511833191,0.0,-0.007669924758374691,D,0
0.410063028,0,0.2500254511833191,0.0,-0.007669924758374691,D,0
0.460716744,0,0.25135478377342224,0.0,-0.01308398973196745,D,0
0.510093999,0,0.25135478377342224,0.0,-0.01308398973196745,D,0
0.561483739,0,0.23418422043323517,0.0,-0.015339849516749382,D,0
0.610114794,0,0.23418422043323517,0.0,-0.015339849516749382,D,0
0.660756063,0,0.2379506677389145,0.0,-0.03609376400709152,D,0
0.71012036,0,0.2379506677389145,0.0,-0.03609376400709152,D,0
0.760737089,0,0.25512123107910156,0.0,-0.01308398973196745,D,0
0.810113575,0,0.25512123107910156,0.0,-0.01308398973196745,D,0
0.860740543,0,0.27727678418159485,0.0,-0.01037695724517107,D,0
0.91009844,0,0.27727678418159485,0.0,-0.01037695724517107,D,0
0.960756475,0,0.3215878903865814,0.0,-0.015791021287441254,D,0
1.010082599,0,0.3215878903865814,0.0,-0.015791021287441254,D,0
1.060729785,0,0.3873898983001709,0.0,-0.04647072032094002,D,0
1.110041925,0,0.3873898983001709,0.0,-0.04647072032094002,D,0
1.160692438,0,0.426605224609375,0.0,-0.04105665534734726,D,0
1.210005858,0,0.426605224609375,0.0,-0.04105665534734726,D,0
1.260698157,0,0.45773378014564514,0.0,-0.03338673338294029,D,0
1.310047189,0,0.45773378014564514,0.0,-0.03338673338294029,D,0
1.360709476,0,0.46338343620300293,0.0,-0.025716807693243027,D,0
1.410034351,0,0.46338343620300293,0.0,-0.025716807693243027,D,0
1.460683616,0,0.4487607777118683,0.0,-0.023009775206446648,D,0
1.510040102,0,0.4487607777118683,0.0,-0.023009775206446648,D,0
1.560689495,0,0.45064398646354675,0.0,-0.03609376400709152,D,0
1.610061755,0,0.45064398646354675,0.0,-0.03609376400709152,D,0
1.660686895,0,0.456404447555542,0.0,-0.03338673338294029,D,0
1.710042294,0,0.456404447555542,0.0,-0.03338673338294029,D,0
1.760693734,0,0.4557397663593292,0.0,-0.015339849516749382,D,0
1.810068458,0,0.4557397663593292,0.0,-0.015339849516749382,D,0
1.860717659,0,0.45263800024986267,0.0,-0.01804688200354576,D,0
1.910055236,0,0.45263800024986267,0.0,-0.01804688200354576,D,0
1.960690711,0,0.45330268144607544,0.0,-0.03609376400709152,D,0
2.010257215,0,0.45330268144607544,0.0,-0.03609376400709152,D,0
2.060676685,0,0.4558505415916443,0.0,-0.025716807693243027,D,0
2.110237523,0,0.4558505415916443,0.0,-0.025716807693243027,D,0
2.160692284,0,0.45263800024986267,0.0,-0.01804688200354576,D,0
2.210242788,0,0.45263800024986267,0.0,-0.01804688200354576,D,0
2.260674384,0,0.45263800024986267,0.0,-0.02346094697713852,D,0
2.310239286,0,0.45263800024986267,0.0,-0.02346094697713852,D,0
2.36066122,0,0.45385655760765076,0.0,-0.023009775206446648,D,0
2.410254278,0,0.45385655760765076,0.0,-0.023009775206446648,D,0
2.460687442,0,0.45452120900154114,0.0,-0.02030274271965027,D,0
2.510258583,0,0.45452120900154114,0.0,-0.02030274271965027,D,0
2.560679077,0,0.45385655760765076,0.0,-0.028423840180039406,D,0
2.61028167,0,0.45385655760765076,0.0,-0.028423840180039406,D,0
2.66099601,0,0.45263800024986267,0.0,-0.03338673338294029,D,0
2.710008478,0,0.45263800024986267,0.0,-0.03338673338294029,D,0
2.760765916,0,0.45385655760765076,0.0,-0.023009775206446648,D,0
2.810227345,0,0.45385655760765076,0.0,-0.023009775206446648,D,0
2.860916345,0,0.453191876411438,0.0,-0.025716807693243027,D,0
2.910239169,0,0.453191876411438,0.0,-0.025716807693243027,D,0
2.960920586,0,0.45507511496543884,0.0,-0.01804688200354576,D,0
3.010343715,0,0.45507511496543884,0.0,-0.01804688200354576,D,0
3.060794057,0,0.45385655760765076,0.0,-0.023009775206446648,D,0
3.110054487,0,0.45385655760765076,0.0,-0.023009775206446648,D,0
3.160727454,0,0.45385655760765076,0.0,-0.028423840180039406,D,0
3.210044099,0,0.45385655760765076,0.0,-0.028423840180039406,D,0
3.260730249,0,0.45385655760765076,0.0,-0.028423840180039406,D,0
3.310248178,0,0.45385655760765076,0.0,-0.028423840180039406,D,0
3.360707063,0,0.4525272250175476,0.0,-0.028423840180039406,D,0
3.410237727,0,0.4525272250175476,0.0,-0.028423840180039406,D,0
3.460760091,0,0.45330268144607544,0.0,-0.015339849516749382,D,0
3.510239466,0,0.45330268144607544,0.0,-0.015339849516749382,D,0
3.560738058,0,0.45263800024986267,0.0,-0.02346094697713852,D,0
3.610022356,0,0.45263800024986267,0.0,-0.02346094697713852,D,0
3.660729494,0,0.45452120900154114,0.0,-0.02030274271965027,D,0
3.710248352,0,0.45452120900154114,0.0,-0.02030274271965027,D,0
3.760753886,0,0.4519733190536499,0.0,-0.030679699033498764,D,0
3.81021656,0,0.4519733190536499,0.0,-0.030679699033498764,D,0
3.860742315,0,0.453191876411438,0.0,-0.025716807693243027,D,0
3.910017527,0,0.453191876411438,0.0,-0.025716807693243027,D,0
3.960699837,0,0.453191876411438,0.0,-0.025716807693243027,D,0
4.010024032,0,0.453191876411438,0.0,-0.025716807693243027,D,0
4.060667528,0,0.45385655760765076,0.0,-0.023009775206446648,D,0
4.110027013,0,0.45385655760765076,0.0,-0.023009775206446648,D,0
4.160683083,0,0.45330268144607544,0.0,-0.02075391449034214,D,0
4.210041,0,0.45330268144607544,0.0,-0.02075391449034214,D,0
4.260656116,0,0.4525272250175476,0.0,-0.028423840180039406,D,0
4.3103911,0,0.4525272250175476,0.0,-0.028423840180039406,D,0
4.361413743,0,0.453191876411438,0.0,-0.031130870804190636,D,0
4.410362085,0,0.453191876411438,0.0,-0.031130870804190636,D,0
4.460949557,0,0.4519733190536499,0.0,-0.030679699033498764,D,0
4.51012606,0,0.4519733190536499,0.0,-0.030679699033498764,D,0
4.560684288,0,0.45452120900154114,0.0,-0.02030274271965027,D,0
4.610249759,0,0.45452120900154114,0.0,-0.02030274271965027,D,0
4.660754779,0,0.45385655760765076,0.0,-0.023009775206446648,D,0
4.710049761,0,0.45385655760765076,0.0,-0.023009775206446648,D,0
4.760681834,0,0.45263800024986267,0.0,-0.02346094697713852,D,0
4.810270919,0,0.45263800024986267,0.0,-0.02346094697713852,D,0
4.860646964,0,0.4525272250175476,0.0,-0.028423840180039406,D,0
4.910046955,0,0.4525272250175476,0.0,-0.028423840180039406,D,0
4.96067231,0,0.4519733190536499,0.0,-0.030679699033498764,D,0
5.010246483,0,0.4519733190536499,0.0,-0.030679699033498764,D,0
5.060853565,0,0.45452120900154114,0.0,-0.025716807693243027,D,0
5.110302474,0,0.45452120900154114,0.0,-0.025716807693243027,D,0
5.160833407,0,0.4525272250175476,0.0,-0.028423840180039406,D,0
5.210156701,0,0.4525272250175476,0.0,-0.028423840180039406,D,0
5.260850683,0,0.45385655760765076,0.0,-0.023009775206446648,D,0
5.310287626,0,0.45385655760765076,0.0,-0.023009775206446648,D,0
5.360835644,0,0.45452120900154114,0.0,-0.02030274271965027,D,0
5.410284617,0,0.45452120900154114,0.0,-0.02030274271965027,D,0
5.460823645,0,0.4525272250175476,0.0,-0.028423840180039406,D,0
5.510336833,0,0.4525272250175476,0.0,-0.028423840180039406,D,0
5.560870997,0,0.4519733190536499,0.0,-0.030679699033498764,D,0
5.610294534,0,0.4519733190536499,0.0,-0.030679699033498764,D,0
5.660837657,0,0.453191876411438,0.0,-0.025716807693243027,D,0
5.710100672,0,0.453191876411438,0.0,-0.025716807693243027,D,0
5.76099069,0,0.4551858901977539,0.0,-0.023009775206446648,D,0
5.810176244,0,0.4551858901977539,0.0,-0.023009775206446648,D,0
5.861089715,0,0.453191876411438,0.0,-0.031130870804190636,D,0
5.910061443,0,0.453191876411438,0.0,-0.031130870804190636,D,0
5.961424771,0,0.45330268144607544,0.0,-0.02075391449034214,D,0
6.010137334,0,0.45330268144607544,0.0,-0.02075391449034214,D,0
6.060823474,0,0.4513086676597595,0.0,-0.03338673338294029,D,0
6.110273947,0,0.4513086676597595,0.0,-0.03338673338294029,D,0
6.160844167,0,0.45507511496543884,0.0,-0.03338673338294029,D,0
6.21009291,0,0.45507511496543884,0.0,-0.03338673338294029,D,0
6.260825379,0,0.453191876411438,0.0,-0.031130870804190636,D,0
6.310139552,0,0.453191876411438,0.0,-0.031130870804190636,D,0
6.360884979,0,0.453191876411438,0.0,-0.025716807693243027,D,0
6.410115868,0,0.453191876411438,0.0,-0.025716807693243027,D,0
6.460947395,0,0.4551858901977539,0.0,-0.023009775206446648,D,0
6.510136594,0,0.4551858901977539,0.0,-0.023009775206446648,D,0
6.560840619,0,0.45452120900154114,0.0,-0.025716807693243027,D,0
6.610131627,0,0.45452120900154114,0.0,-0.025716807693243027,D,0
6.660819111,0,0.4519733190536499,0.0,-0.030679699033498764,D,0
6.71016112,0,0.4519733190536499,0.0,-0.030679699033498764,D,0
6.760853786,0,0.4525272250175476,0.0,-0.028423840180039406,D,0
6.810126461,0,0.4525272250175476,0.0,-0.028423840180039406,D,0
6.860884463,0,0.4551858901977539,0.0,-0.028423840180039406,D,0
6.910102873,0,0.4551858901977539,0.0,-0.028423840180039406,D,0
6.961064046,0,0.45452120900154114,0.0,-0.025716807693243027,D,0
7.010048664,0,0.45452120900154114,0.0,-0.025716807693243027,D,0
7.061041957,0,0.45330268144607544,0.0,-0.02075391449034214,D,0
7.110119329,0,0.45330268144607544,0.0,-0.02075391449034214,D,0
7.161148425,0,0.4519733190536499,0.0,-0.030679699033498764,D,0
7.210074362,0,0.4519733190536499,0.0,-0.030679699033498764,D,0
7.260852453,0,0.438015341758728,0.0,-0.09294144064188004,D,0
7.310119174,0,0.438015341758728,0.0,-0.09294144064188004,D,0
7.36081107,0,0.4253866672515869,0.0,-0.14978912472724915,D,0
7.410092284,0,0.4253866672515869,0.0,-0.14978912472724915,D,0
7.460686754,0,0.4083268940448761,0.0,-0.2138555496931076,D,0
7.51001497,0,0.4083268940448761,0.0,-0.2138555496931076,D,0
7.560698003,0,0.3950335681438446,0.0,-0.2679961919784546,D,0
7.610028555,0,0.3950335681438446,0.0,-0.2679961919784546,D,0
7.660690311,0,0.3861713409423828,0.0,-0.30950403213500977,D,0
7.710018463,0,0.3861713409423828,0.0,-0.30950403213500977,D,0
7.760676859,0,0.37597978115081787,0.0,-0.34018373489379883,D,0
7.810078761,0,0.37597978115081787,0.0,-0.34018373489379883,D,0
7.860665167,0,0.3614678978919983,0.0,-0.4047013223171234,D,0
7.910019652,0,0.3614678978919983,0.0,-0.4047013223171234,D,0
7.960803886,0,0.36844688653945923,0.0,-0.37627747654914856,D,0
8.010033747,0,0.36844688653945923,0.0,-0.37627747654914856,D,0
8.060716521,0,0.39691677689552307,0.0,-0.2603262662887573,D,0
8.110014978,0,0.39691677689552307,0.0,-0.2603262662887573,D,0
8.160689433,0,0.42738068103790283,0.0,-0.12632817029953003,D,0
8.210025965,0,0.42738068103790283,0.0,-0.12632817029953003,D,0
8.260678855,0,0.4469883441925049,0.0,-0.04647072032094002,D,0
8.310073235,0,0.4469883441925049,0.0,-0.04647072032094002,D,0
8.360922929,0,0.4519733190536499,0.0,-0.0261679794639349,D,0
8.410055586,0,0.4519733190536499,0.0,-0.0261679794639349,D,0
8.460958712,0,0.45385655760765076,0.0,-0.023009775206446648,D,0
8.510054222,0,0.45385655760765076,0.0,-0.023009775206446648,D,0
8.560715719,0,0.45385655760765076,0.0,-0.023009775206446648,D,0
8.610008545,0,0.45385655760765076,0.0,-0.023009775206446648,D,0
8.660684024,0,0.453191876411438,0.0,-0.025716807693243027,D,0
8.710098593,0,0.453191876411438,0.0,-0.025716807693243027,D,0
8.760741213,0,0.45263800024986267,0.0,-0.03338673338294029,D,0
8.810037558,0,0.45263800024986267,0.0,-0.03338673338294029,D,0
8.860947532,0,0.45452120900154114,0.0,-0.02030274271965027,D,0
8.910093595,0,0.45452120900154114,0.0,-0.02030274271965027,D,0
8.961004657,0,0.45452120900154114,0.0,-0.02030274271965027,D,0
9.010352161,0,0.45452120900154114,0.0,-0.02030274271965027,D,0
9.060937282,0,0.45452120900154114,0.0,-0.02030274271965027,D,0
9.110219962,0,0.45452120900154114,0.0,-0.02030274271965027,D,0
9.160852468,0,0.4525272250175476,0.0,-0.028423840180039406,D,0
9.21012571,0,0.4525272250175476,0.0,-0.028423840180039406,D,0
9.260880887,0,0.4519733190536499,0.0,-0.0261679794639349,D,0
9.310108727,0,0.4519733190536499,0.0,-0.0261679794639349,D,0
9.360897915,0,0.453191876411438,0.0,-0.025716807693243027,D,0
9.410021706,0,0.453191876411438,0.0,-0.025716807693243027,D,0
9.460848264,0,0.45263800024986267,0.0,-0.02346094697713852,D,0
9.510044653,0,0.45263800024986267,0.0,-0.02346094697713852,D,0
9.56085323,0,0.45452120900154114,0.0,-0.015791021287441254,D,0
9.610033141,0,0.45452120900154114,0.0,-0.015791021287441254,D,0
9.660791837,0,0.45263800024986267,0.0,-0.02346094697713852,D,0
9.710019901,0,0.45263800024986267,0.0,-0.02346094697713852,D,0
9.760732396,0,0.453191876411438,0.0,-0.025716807693243027,D,0
9.810004198,0,0.453191876411438,0.0,-0.025716807693243027,D,0
9.860726195,0,0.4525272250175476,0.0,-0.028423840180039406,D,0
9.910023146,0,0.4525272250175476,0.0,-0.028423840180039406,D,0
9.960700798,0,0.4525272250175476,0.0,-0.028423840180039406,D,0
10.010319525,0,0.4525272250175476,0.0,-0.028423840180039406,D,0
10.060713406,0,0.4539673328399658,0.0,-0.01804688200354576,D,0
10.110107971,0,0.4539673328399658,0.0,-0.01804688200354576,D,0
10.161443319,0,0.45263800024986267,0.0,-0.02346094697713852,D,0
10.21007652,0,0.45263800024986267,0.0,-0.02346094697713852,D,0
10.261007093,0,0.4557397663593292,0.0,-0.02075391449034214,D,0
10.31008388,0,0.4557397663593292,0.0,-0.02075391449034214,D,0
10.361145698,0,0.4514194428920746,0.0,-0.028423840180039406,D,0
10.410088903,0,0.4514194428920746,0.0,-0.028423840180039406,D,0
10.46086369,0,0.4519733190536499,0.0,-0.0261679794639349,D,0
10.510118916,0,0.4519733190536499,0.0,-0.0261679794639349,D,0
10.560910052,0,0.453191876411438,0.0,-0.025716807693243027,D,0
10.610087049,0,0.453191876411438,0.0,-0.025716807693243027,D,0
10.660856524,0,0.45385655760765076,0.0,-0.023009775206446648,D,0
10.710162814,0,0.45385655760765076,0.0,-0.023009775206446648,D,0
10.76082229,0,0.45263800024986267,0.0,-0.01804688200354576,D,0
10.810136035,0,0.45263800024986267,0.0,-0.01804688200354576,D,0
10.860918757,0,0.4514194428920746,0.0,-0.028423840180039406,D,0
10.910070285,0,0.4514194428920746,0.0,-0.028423840180039406,D,0
10.960856974,0,0.453191876411438,0.0,-0.031130870804190636,D,0
11.010362818,0,0.453191876411438,0.0,-0.031130870804190636,D,0
11.060838828,0,0.453191876411438,0.0,-0.031130870804190636,D,0
11.110096258,0,0.453191876411438,0.0,-0.031130870804190636,D,0
11.160817482,0,0.45330268144607544,0.0,-0.02075391449034214,D,0
11.210150261,0,0.45330268144607544,0.0,-0.02075391449034214,D,0
11.260929556,0,0.45385655760765076,0.0,-0.028423840180039406,D,0
11.310318104,0,0.45385655760765076,0.0,-0.028423840180039406,D,0
11.360796002,0,0.45452120900154114,0.0,-0.02030274271965027,D,0
11.410063926,0,0.45452120900154114,0.0,-0.02030274271965027,D,0
11.460811578,0,0.45263800024986267,0.0,-0.02346094697713852,D,0
11.510175425,0,0.45263800024986267,0.0,-0.02346094697713852,D,0
11.560821075,0,0.45263800024986267,0.0,-0.03338673338294029,D,0
11.610078218,0,0.45263800024986267,0.0,-0.03338673338294029,D,0
11.66080808,0,0.453191876411438,0.0,-0.025716807693243027,D,0
11.710116191,0,0.453191876411438,0.0,-0.025716807693243027,D,0
11.76080721,0,0.453191876411438,0.0,-0.025716807693243027,D,0
11.810185424,0,0.453191876411438,0.0,-0.025716807693243027,D,0
11.860820419,0,0.45452120900154114,0.0,-0.02030274271965027,D,0
11.910111444,0,0.45452120900154114,0.0,-0.02030274271965027,D,0
11.9608024,0,0.4519733190536499,0.0,-0.0261679794639349,D,0
12.010085713,0,0.4519733190536499,0.0,-0.0261679794639349,D,0
12.060834194,0,0.453191876411438,0.0,-0.031130870804190636,D,0
12.11022709,0,0.453191876411438,0.0,-0.031130870804190636,D,0
12.16081153,0,0.45263800024986267,0.0,-0.03338673338294029,D,0
12.210096857,0,0.45263800024986267,0.0,-0.03338673338294029,D,0
12.260835643,0,0.45385655760765076,0.0,-0.028423840180039406,D,0
12.310114155,0,0.45385655760765076,0.0,-0.028423840180039406,D,0
12.360872938,0,0.45385655760765076,0.0,-0.028423840180039406,D,0
12.410140828,0,0.45385655760765076,0.0,-0.028423840180039406,D,0
12.460811528,0,0.45452120900154114,0.0,-0.031130870804190636,D,0
12.51010063,0,0.45452120900154114,0.0,-0.031130870804190636,D,0
12.56082425,0,0.45452120900154114,0.0,-0.02030274271965027,D,0
12.610156995,0,0.45452120900154114,0.0,-0.02030274271965027,D,0
12.660834222,0,0.45263800024986267,0.0,-0.03338673338294029,D,0
12.710078915,0,0.45263800024986267,0.0,-0.03338673338294029,D,0
12.7608504,0,0.45385655760765076,0.0,-0.033837903290987015,D,0
12.810151405,0,0.45385655760765076,0.0,-0.033837903290987015,D,0
12.860848853,0,0.453191876411438,0.0,-0.031130870804190636,D,0
12.910215481,0,0.453191876411438,0.0,-0.031130870804190636,D,0
12.960831436,0,0.45385655760765076,0.0,-0.028423840180039406,D,0
13.010073664,0,0.45385655760765076,0.0,-0.028423840180039406,D,0
13.060863352,0,0.45385655760765076,0.0,-0.023009775206446648,D,0
13.110057457,0,0.45385655760765076,0.0,-0.023009775206446648,D,0
13.160854024,0,0.453191876411438,0.0,-0.031130870804190636,D,0
13.21012687,0,0.453191876411438,0.0,-0.031130870804190636,D,0
13.26082921,0,0.4525272250175476,0.0,-0.028423840180039406,D,0
13.310156512,0,0.4525272250175476,0.0,-0.028423840180039406,D,0
13.360928571,0,0.45263800024986267,0.0,-0.03338673338294029,D,0
13.41023354,0,0.45263800024986267,0.0,-0.03338673338294029,D,0
13.460857876,0,0.45452120900154114,0.0,-0.025716807693243027,D,0
13.510167069,0,0.45452120900154114,0.0,-0.025716807693243027,D,0
13.561035113,0,0.45452120900154114,0.0,-0.025716807693243027,D,0
13.610095701,0,0.45452120900154114,0.0,-0.025716807693243027,D,0
13.660876718,0,0.4551858901977539,0.0,-0.023009775206446648,D,0
13.710172889,0,0.4551858901977539,0.0,-0.023009775206446648,D,0
13.76114076,0,0.45385655760765076,0.0,-0.023009775206446648,D,0
13.810272922,0,0.45385655760765076,0.0,-0.023009775206446648,D,0
13.861077616,0,0.45263800024986267,0.0,-0.03338673338294029,D,0
13.910069765,0,0.45263800024986267,0.0,-0.03338673338294029,D,0
13.960880314,0,0.45452120900154114,0.0,-0.031130870804190636,D,0
14.010074642,0,0.45452120900154114,0.0,-0.031130870804190636,D,0
14.060891139,0,0.45385655760765076,0.0,-0.028423840180039406,D,0
14.110079642,0,0.45385655760765076,0.0,-0.028423840180039406,D,0
14.160721444,0,0.4558505415916443,0.0,-0.025716807693243027,D,0
14.210117246,0,0.4558505415916443,0.0,-0.025716807693243027,D,0
14.260966698,0,0.45385655760765076,0.0,-0.028423840180039406,D,0
14.310163009,0,0.45385655760765076,0.0,-0.028423840180039406,D,0
14.360895454,0,0.453191876411438,0.0,-0.025716807693243027,D,0
14.410292279,0,0.453191876411438,0.0,-0.025716807693243027,D,0
14.460934145,0,0.4525272250175476,0.0,-0.028423840180039406,D,0
14.51039349,0,0.4525272250175476,0.0,-0.028423840180039406,D,0
14.561104242,0,0.45385655760765076,0.0,-0.028423840180039406,D,0
14.610340066,0,0.45385655760765076,0.0,-0.028423840180039406,D,0
14.66087158,0,0.4551858901977539,0.0,-0.028423840180039406,D,0
14.710069842,0,0.4551858901977539,0.0,-0.028423840180039406,D,0
14.760898337,0,0.45385655760765076,0.0,-0.023009775206446648,D,0
14.810158126,0,0.45385655760765076,0.0,-0.023009775206446648,D,0
14.86085768,0,0.4557397663593292,0.0,-0.02075391449034214,D,0
14.910080162,0,0.4557397663593292,0.0,-0.02075391449034214,D,0
14.961089464,0,0.4519733190536499,0.0,-0.030679699033498764,D,0
15.010311849,0,0.4519733190536499,0.0,-0.030679699033498764,D,0
15.060882874,0,0.45385655760765076,0.0,-0.033837903290987015,D,0
15.110319115,0,0.45385655760765076,0.0,-0.033837903290987015,D,0
15.160825765,0,0.4525272250175476,0.0,-0.028423840180039406,D,0
15.210273333,0,0.4525272250175476,0.0,-0.028423840180039406,D,0
15.260819913,0,0.45507511496543884,0.0,-0.01804688200354576,D,0
15.310052183,0,0.45507511496543884,0.0,-0.01804688200354576,D,0
15.36086327,0,0.45452120900154114,0.0,-0.025716807693243027,D,0
15.410320021,0,0.45452120900154114,0.0,-0.025716807693243027,D,0
15.460872264,0,0.453191876411438,0.0,-0.031130870804190636,D,0
15.510280542,0,0.453191876411438,0.0,-0.031130870804190636,D,0
15.56085259,0,0.45263800024986267,0.0,-0.01804688200354576,D,0
15.610177775,0,0.45263800024986267,0.0,-0.01804688200354576,D,0
15.660858353,0,0.4507547914981842,0.0,-0.031130870804190636,D,0
15.710078785,0,0.4507547914981842,0.0,-0.031130870804190636,D,0
15.760890703,0,0.4045604467391968,0.0,-0.0027070322539657354,D,0
15.810141339,0,0.4045604467391968,0.0,-0.0027070322539657354,D,0
15.860866934,0,0.32025855779647827,0.0,-0.004962892737239599,D,0
15.910122337,0,0.32025855779647827,0.0,-0.004962892737239599,D,0
15.960829982,0,0.2278698831796646,0.0,-0.051884785294532776,D,0
16.010065835,0,0.2278698831796646,0.0,-0.051884785294532776,D,0
16.060865432,0,0.17979232966899872,0.0,-0.04647072032094002,D,0
16.110178456,0,0.17979232966899872,0.0,-0.04647072032094002,D,0
16.160925517,0,0.11709211021661758,0.0,-0.04376368969678879,D,0
16.21011971,0,0.11709211021661758,0.0,-0.04376368969678879,D,0
16.260910893,0,0.027251332998275757,0.0,-0.02346094697713852,D,0
16.310074626,0,0.027251332998275757,0.0,-0.02346094697713852,D,0
16.360882574,0,0.0,0.006425111088901758,0.0,D,0
16.410043268,0,0.0,0.006425111088901758,0.0,D,0
16.460917095,0,0.0,0.005760444328188896,0.0027070322539657354,D,0
16.510167472,0,0.0,0.005760444328188896,0.0027070322539657354,D,0
16.560838512,0,0.0044311112724244595,0.0,-0.0027070322539657354,D,0
16.61005267,0,0.0044311112724244595,0.0,-0.0027070322539657354,D,0
16.660806066,0,0.0,0.007532889023423195,0.015339849516749382,D,0
16.710095221,0,0.0,0.007532889023423195,0.015339849516749382,D,0
16.760894435,0,0.0,0.04120933264493942,0.05414064601063728,D,0
16.810076437,0,0.0,0.04120933264493942,0.05414064601063728,D,0
16.860801005,0,0.0,0.0905054435133934,0.04376368969678879,D,0
16.910010524,0,0.0,0.0905054435133934,0.04376368969678879,D,0
16.960831751,0,0.0,0.1417955607175827,0.0261679794639349,D,0
17.010370949,0,0.0,0.1417955607175827,0.0261679794639349,D,0
17.06085526,0,0.0,0.18477733433246613,0.03609376400709152,D,0
17.110056169,0,0.0,0.18477733433246613,0.03609376400709152,D,0
17.160878289,0,0.0,0.2228848934173584,0.03609376400709152,D,0
17.210052066,0,0.0,0.2228848934173584,0.03609376400709152,D,0
17.260954046,0,0.0,0.27605822682380676,0.08752737939357758,D,0
17.31008095,0,0.0,0.27605822682380676,0.08752737939357758,D,0
17.360793485,0,0.0,0.3190400004386902,0.09294144064188004,D,0
17.41062768,0,0.0,0.3190400004386902,0.09294144064188004,D,0
17.460790149,0,0.0,0.3703301250934601,0.07444338500499725,D,0
17.510009743,0,0.0,0.3703301250934601,0.07444338500499725,D,0
17.561195556,0,0.0,0.4165244400501251,0.0776015892624855,D,0
17.609976684,0,0.0,0.4165244400501251,0.0776015892624855,D,0
17.660791445,0,0.0,0.4519733190536499,0.06226174160838127,D,0
17.710384362,0,0.0,0.4519733190536499,0.06226174160838127,D,0
17.760939064,0,0.0,0.46338343620300293,0.01037695724517107,D,0
17.810325386,0,0.0,0.46338343620300293,0.01037695724517107,D,0
17.861045824,0,0.0,0.45452120900154114,0.004962892737239599,D,0
17.910652052,0,0.0,0.45452120900154114,0.004962892737239599,D,0
17.960794876,0,0.0,0.44942545890808105,0.031130870804190636,D,0
18.010164239,0,0.0,0.44942545890808105,0.031130870804190636,D,0
18.060905631,0,0.0,0.4557397663593292,0.04150782898068428,D,0
18.110373124,0,0.0,0.4557397663593292,0.04150782898068428,D,0
18.160801824,0,0.0,0.45828765630722046,0.01037695724517107,D,0
18.21027242,0,0.0,0.45828765630722046,0.01037695724517107,D,0
18.260783413,0,0.0,0.4519733190536499,0.0261679794639349,D,0
18.310558446,0,0.0,0.4519733190536499,0.0261679794639349,D,0
18.360680502,0,0.0,0.45385655760765076,0.03834962472319603,D,0
18.410486219,0,0.0,0.45385655760765076,0.03834962472319603,D,0
18.460666826,0,0.0,0.4557397663593292,0.030679699033498764,D,0
18.510089205,0,0.0,0.4557397663593292,0.030679699033498764,D,0
18.560668732,0,0.0,0.45507511496543884,0.01804688200354576,D,0
18.610015058,0,0.0,0.45507511496543884,0.01804688200354576,D,0
18.660708681,0,0.0,0.4551858901977539,0.028423840180039406,D,0
18.710236613,0,0.0,0.45507511496543884,0.03338673338294029,D,0
18.760723865,0,0.0,0.45507511496543884,0.03338673338294029,D,0
18.810066223,0,0.0,0.4551858901977539,0.023009775206446648,D,0
18.860673106,0,0.0,0.4551858901977539,0.023009775206446648,D,0
18.910034598,0,0.0,0.45263800024986267,0.02346094697713852,D,0
18.960696481,0,0.0,0.45263800024986267,0.02346094697713852,D,0
19.010025464,0,0.0,0.45452120900154114,0.025716807693243027,D,0
19.060676946,0,0.0,0.45452120900154114,0.025716807693243027,D,0
19.110324026,0,0.0,0.45507511496543884,0.03338673338294029,D,0
19.160736758,0,0.0,0.45507511496543884,0.03338673338294029,D,0
19.21003448,0,0.0,0.4557397663593292,0.02075391449034214,D,0
19.260708231,0,0.0,0.4557397663593292,0.02075391449034214,D,0
19.310030333,0,0.0,0.45452120900154114,0.025716807693243027,D,0
19.360880283,0,0.0,0.45452120900154114,0.025716807693243027,D,0
19.410038792,0,0.0,0.4544104337692261,0.03609376400709152,D,0
19.460700225,0,0.0,0.4544104337692261,0.03609376400709152,D,0
19.510038965,0,0.0,0.45452120900154114,0.031130870804190636,D,0
19.560828316,0,0.0,0.45452120900154114,0.031130870804190636,D,0
19.610026883,0,0.0,0.4551858901977539,0.023009775206446648,D,0
19.660711161,0,0.0,0.4551858901977539,0.023009775206446648,D,0
19.71003096,0,0.0,0.456404447555542,0.02346094697713852,D,0
19.760700263,0,0.0,0.456404447555542,0.02346094697713852,D,0
19.81008578,0,0.0,0.4557397663593292,0.030679699033498764,D,0
19.860700404,0,0.0,0.4557397663593292,0.030679699033498764,D,0
19.910022314,0,0.0,0.4569583237171173,0.025716807693243027,D,0
19.960701728,0,0.0,0.4569583237171173,0.025716807693243027,D,0
20.01004325,0,0.0,0.45263800024986267,0.03338673338294029,D,0
20.060714087,0,0.0,0.45385655760765076,0.023009775206446648,D,0
20.110052152,0,0.0,0.45385655760765076,0.023009775206446648,D,0
20.160699376,0,0.0,0.45452120900154114,0.031130870804190636,D,0
20.210027971,0,0.0,0.45452120900154114,0.031130870804190636,D,0
20.260761006,0,0.0,0.456404447555542,0.02346094697713852,D,0
20.31005575,0,0.0,0.456404447555542,0.02346094697713852,D,0
20.360743608,0,0.0,0.45452120900154114,0.025716807693243027,D,0
20.410267759,0,0.0,0.45452120900154114,0.025716807693243027,D,0
20.46072461,0,0.0,0.4551858901977539,0.028423840180039406,D,0
20.510044534,0,0.0,0.4551858901977539,0.028423840180039406,D,0
20.560677232,0,0.0,0.4551858901977539,0.023009775206446648,D,0
20.610040573,0,0.0,0.4551858901977539,0.023009775206446648,D,0
20.660731247,0,0.0,0.4551858901977539,0.028423840180039406,D,0
20.710025798,0,0.0,0.4551858901977539,0.028423840180039406,D,0
20.760687196,0,0.0,0.4558505415916443,0.025716807693243027,D,0
20.810115585,0,0.0,0.4558505415916443,0.025716807693243027,D,0
20.861159169,0,0.0,0.4558505415916443,0.025716807693243027,D,0
20.910014774,0,0.0,0.4558505415916443,0.025716807693243027,D,0
20.960892461,0,0.0,0.4558505415916443,0.025716807693243027,D,0
21.010024795,0,0.0,0.4558505415916443,0.025716807693243027,D,0
21.060932491,0,0.0,0.45507511496543884,0.03338673338294029,D,0
21.110086963,0,0.0,0.45507511496543884,0.03338673338294029,D,0
21.160765124,0,0.0,0.4557397663593292,0.030679699033498764,D,0
21.210082805,0,0.0,0.4557397663593292,0.030679699033498764,D,0
21.260864919,0,0.0,0.453191876411438,0.031130870804190636,D,0
21.310088982,0,0.0,0.453191876411438,0.031130870804190636,D,0
21.360931184,0,0.0,0.45452120900154114,0.02030274271965027,D,0
21.410083097,0,0.0,0.45452120900154114,0.02030274271965027,D,0
21.460776743,0,0.0,0.4551858901977539,0.028423840180039406,D,0
21.510282174,0,0.0,0.45452120900154114,0.031130870804190636,D,0
21.560708786,0,0.0,0.45452120900154114,0.031130870804190636,D,0
21.610092379,0,0.0,0.45507511496543884,0.01804688200354576,D,0
21.660748942,0,0.0,0.45507511496543884,0.01804688200354576,D,0
21.710098267,0,0.0,0.45452120900154114,0.025716807693243027,D,0
21.760727315,0,0.0,0.45452120900154114,0.025716807693243027,D,0
21.810209101,0,0.0,0.4551858901977539,0.028423840180039406,D,0
21.860791468,0,0.0,0.4551858901977539,0.028423840180039406,D,0
21.910293923,0,0.0,0.4551858901977539,0.028423840180039406,D,0
21.960676029,0,0.0,0.4551858901977539,0.028423840180039406,D,0
22.010240043,0,0.0,0.456404447555542,0.02346094697713852,D,0
22.060684378,0,0.0,0.456404447555542,0.02346094697713852,D,0
22.110283393,0,0.0,0.4551858901977539,0.028423840180039406,D,0
22.160643516,0,0.0,0.4551858901977539,0.028423840180039406,D,0
22.210424585,0,0.0,0.456404447555542,0.02346094697713852,D,0
22.260688433,0,0.0,0.456404447555542,0.02346094697713852,D,0
22.310442338,0,0.0,0.45385655760765076,0.033837903290987015,D,0
22.360766787,0,0.0,0.45385655760765076,0.033837903290987015,D,0
22.410244187,0,0.0,0.4551858901977539,0.023009775206446648,D,0
22.460733603,0,0.0,0.4551858901977539,0.023009775206446648,D,0
22.510255573,0,0.0,0.45452120900154114,0.02030274271965027,D,0
22.560661514,0,0.0,0.45452120900154114,0.02030274271965027,D,0
22.61023986,0,0.0,0.4557397663593292,0.02075391449034214,D,0
22.660651847,0,0.0,0.4557397663593292,0.02075391449034214,D,0
22.710030957,0,0.0,0.4551858901977539,0.023009775206446648,D,0
22.760707132,0,0.0,0.4551858901977539,0.023009775206446648,D,0
22.81004532,0,0.0,0.45452120900154114,0.025716807693243027,D,0
22.860661182,0,0.0,0.45385655760765076,0.023009775206446648,D,0
22.910031398,0,0.0,0.45385655760765076,0.023009775206446648,D,0
22.960655483,0,0.0,0.453191876411438,0.031130870804190636,D,0
23.010069147,0,0.0,0.453191876411438,0.031130870804190636,D,0
23.060768323,0,0.0,0.456404447555542,0.02346094697713852,D,0
23.110026488,0,0.0,0.456404447555542,0.02346094697713852,D,0
23.160686982,0,0.0,0.4551858901977539,0.023009775206446648,D,0
23.210068137,0,0.0,0.4551858901977539,0.023009775206446648,D,0
23.260699451,0,0.0,0.4557397663593292,0.02075391449034214,D,0
23.310045827,0,0.0,0.4557397663593292,0.02075391449034214,D,0
23.360687827,0,0.0,0.45385655760765076,0.028423840180039406,D,0
23.410044026,0,0.0,0.45385655760765076,0.028423840180039406,D,0
23.460680843,0,0.0,0.4551858901977539,0.028423840180039406,D,0
23.510060302,0,0.0,0.4551858901977539,0.028423840180039406,D,0
23.560743065,0,0.0,0.45452120900154114,0.025716807693243027,D,0
23.610063012,0,0.0,0.45452120900154114,0.025716807693243027,D,0
23.66066889,0,0.0,0.45452120900154114,0.02030274271965027,D,0
23.710068826,0,0.0,0.45452120900154114,0.02030274271965027,D,0
23.760710699,0,0.0,0.4557397663593292,0.02075391449034214,D,0
23.810112715,0,0.0,0.4557397663593292,0.02075391449034214,D,0
23.860752092,0,0.0,0.45452120900154114,0.025716807693243027,D,0
23.91009578,0,0.0,0.45452120900154114,0.025716807693243027,D,0
23.960713304,0,0.0,0.4570690989494324,0.02075391449034214,D,0
24.010235078,0,0.0,0.4570690989494324,0.02075391449034214,D,0
24.060874132,0,0.0,0.453191876411438,0.031130870804190636,D,0
24.110048785,0,0.0,0.453191876411438,0.031130870804190636,D,0
24.160728826,0,0.0,0.45385655760765076,0.023009775206446648,D,0
24.210082878,0,0.0,0.45385655760765076,0.023009775206446648,D,0
24.260785251,0,0.0,0.4551858901977539,0.028423840180039406,D,0
24.310054035,0,0.0,0.4551858901977539,0.028423840180039406,D,0
24.360689922,0,0.0,0.4557397663593292,0.02075391449034214,D,0
24.410229228,0,0.0,0.45385655760765076,0.028423840180039406,D,0
24.460688851,0,0.0,0.45385655760765076,0.028423840180039406,D,0
24.510474907,0,0.0,0.45385655760765076,0.028423840180039406,D,0
24.560670375,0,0.0,0.45385655760765076,0.028423840180039406,D,0
24.6102475,0,0.0,0.45507511496543884,0.03338673338294029,D,0
24.660713331,0,0.0,0.45507511496543884,0.03338673338294029,D,0
24.710257884,0,0.0,0.45507511496543884,0.03338673338294029,D,0
24.760671242,0,0.0,0.45507511496543884,0.03338673338294029,D,0
24.810269804,0,0.0,0.45507511496543884,0.01804688200354576,D,0
24.860700887,0,0.0,0.45507511496543884,0.01804688200354576,D,0
24.91026195,0,0.0,0.45330268144607544,0.02075391449034214,D,0
24.960684875,0,0.0,0.45330268144607544,0.02075391449034214,D,0
25.010233458,0,0.0,0.4551858901977539,0.023009775206446648,D,0
25.060657436,0,0.0,0.4551858901977539,0.023009775206446648,D,0
25.110272537,0,0.0,0.4551858901977539,0.028423840180039406,D,0
25.160657704,0,0.0,0.4551858901977539,0.028423840180039406,D,0
25.21001137,0,0.0,0.45452120900154114,0.031130870804190636,D,0
25.260800096,0,0.0,0.45452120900154114,0.031130870804190636,D,0
25.30997238,0,0.0,0.4525272250175476,0.028423840180039406,D,0
25.360748243,0,0.0,0.4525272250175476,0.028423840180039406,D,0
25.410027424,0,0.0,0.4551858901977539,0.023009775206446648,D,0
25.460690792,0,0.0,0.4551858901977539,0.023009775206446648,D,0
25.510001903,0,0.0,0.4558505415916443,0.025716807693243027,D,0
25.560656505,0,0.0,0.4558505415916443,0.025716807693243027,D,0
25.61007157,0,0.0,0.4551858901977539,0.023009775206446648,D,0
25.660864295,0,0.0,0.45452120900154114,0.025716807693243027,D,0
25.710037251,0,0.0,0.45452120900154114,0.025716807693243027,D,0
25.760955398,0,0.0,0.4544104337692261,0.03609376400709152,D,0
25.810126626,0,0.0,0.4544104337692261,0.03609376400709152,D,0
25.860792074,0,0.0,0.4557397663593292,0.030679699033498764,D,0
25.910040154,0,0.0,0.4557397663593292,0.030679699033498764,D,0
25.960712481,0,0.0,0.4475422203540802,0.03880079463124275,D,0
26.010036038,0,0.0,0.4475422203540802,0.03880079463124275,D,0
26.060693132,0,0.0,0.38993778824806213,0.046019550412893295,D,0
26.110040492,0,0.0,0.38993778824806213,0.046019550412893295,D,0
26.161113975,0,0.0,0.30319878458976746,0.05910353735089302,D,0
26.210101418,0,0.0,0.30319878458976746,0.05910353735089302,D,0
26.260825414,0,0.0,0.22155556082725525,0.009925785474479198,D,0
26.310069909,0,0.0,0.22155556082725525,0.009925785474479198,D,0
26.36074668,0,0.0,0.16838222742080688,0.005414064507931471,D,0
26.410028386,0,0.0,0.16838222742080688,0.005414064507931471,D,0
26.460722435,0,0.0,0.08795755356550217,0.03880079463124275,D,0
26.510047142,0,0.0,0.08795755356550217,0.03880079463124275,D,0
26.560738119,0,0.0,0.027251332998275757,0.0027070322539657354,D,0
26.610056587,0,0.0,0.027251332998275757,0.0027070322539657354,D,0
26.660718801,0,0.0,0.00819755531847477,-0.09564847499132156,D,0
26.710053043,0,0.0,0.00819755531847477,-0.09564847499132156,D,0
26.761126078,0,0.00819755531847477,0.0,-0.26528915762901306,D,0
26.810056697,0,0.00819755531847477,0.0,-0.26528915762901306,D,0
26.860757305,0,0.002547888783738017,0.0,-0.40740835666656494,D,0
26.910058783,0,0.002547888783738017,0.0,-0.40740835666656494,D,0
26.960750848,0,0.0,0.0209369994699955,-0.5490763783454895,D,0
27.010085185,0,0.0,0.0209369994699955,-0.5490763783454895,D,0
27.061044729,0,0.0,0.03423033282160759,-0.6447248458862305,D,0
27.110382552,0,0.0,0.03423033282160759,-0.6447248458862305,D,0
27.160932715,0,0.0,0.03101777844130993,-0.6677346229553223,D,0
27.210352606,0,0.0,0.03101777844130993,-0.6677346229553223,D,0
27.260948842,0,0.0,0.030353110283613205,-0.6190080642700195,D,0
27.310360191,0,0.0,0.030353110283613205,-0.6190080642700195,D,0
27.361081241,0,0.0,0.03101777844130993,-0.6262267827987671,D,0
27.410316742,0,0.0,0.03101777844130993,-0.6262267827987671,D,0
27.460888598,0,0.0,0.031682442873716354,-0.6496877670288086,D,0
27.510177404,0,0.0,0.031682442873716354,-0.6496877670288086,D,0
27.560953966,0,0.0,0.032236333936452866,-0.6366037726402283,D,0
27.610278127,0,0.0,0.032236333936452866,-0.6366037726402283,D,0
27.660899639,0,0.0,0.040433887392282486,-0.6239709258079529,D,0
27.710166304,0,0.0,0.040433887392282486,-0.6239709258079529,D,0
27.760913399,0,0.0,0.046858999878168106,-0.6393107771873474,D,0
27.810087917,0,0.0,0.046858999878168106,-0.6393107771873474,D,0
27.861099646,0,0.0,0.038550667464733124,-0.6469807028770447,D,0
27.910281043,0,0.0,0.038550667464733124,-0.6469807028770447,D,0
27.961087105,0,0.0018832222558557987,0.0,-0.6113381385803223,D,0
28.010364647,0,0.0018832222558557987,0.0,-0.6113381385803223,D,0
28.060910392,0,0.020272333174943924,0.0,-0.6293849945068359,D,0
28.110284431,0,0.020272333174943924,0.0,-0.6293849945068359,D,0
28.160921171,0,0.012628667056560516,0.0,-0.6551018357276917,D,0
28.210265934,0,0.012628667056560516,0.0,-0.6551018357276917,D,0
28.260965737,0,0.006314333528280258,0.0,-0.6447248458862305,D,0
28.310346783,0,0.006314333528280258,0.0,-0.6447248458862305,D,0
28.360865971,0,0.021601665765047073,0.0,-0.6393107771873474,D,0
28.410250889,0,0.021601665765047073,0.0,-0.6393107771873474,D,0
28.460882989,0,0.02282022312283516,0.0,-0.6343479156494141,D,0
28.510120376,0,0.02282022312283516,0.0,-0.6343479156494141,D,0
28.560853358,0,0.015176555141806602,0.0,-0.6338967084884644,D,0
28.61031676,0,0.015176555141806602,0.0,-0.6338967084884644,D,0
28.660906402,0,0.025257334113121033,0.0,-0.628933846950531,D,0
28.710076503,0,0.025257334113121033,0.0,-0.628933846950531,D,0
28.760977237,0,0.03600277751684189,0.0,-0.6420178413391113,D,0
28.810154504,0,0.03600277751684189,0.0,-0.6420178413391113,D,0
28.860919129,0,0.033565666526556015,0.0,-0.6420178413391113,D,0
28.910353032,0,0.033565666526556015,0.0,-0.6420178413391113,D,0
28.960865885,0,0.035448890179395676,0.0,-0.628933846950531,D,0
29.010416474,0,0.035448890179395676,0.0,-0.628933846950531,D,0
29.060884147,0,0.05383799970149994,0.0,-0.6262267827987671,D,0
29.110685899,0,0.05383799970149994,0.0,-0.6262267827987671,D,0
29.161130343,0,0.06646666675806046,0.0,-0.6316408514976501,D,0
29.210120659,0,0.06646666675806046,0.0,-0.6316408514976501,D,0
29.261004752,0,0.06580200046300888,0.0,-0.6343479156494141,D,0
29.310310607,0,0.06580200046300888,0.0,-0.6343479156494141,D,0
29.36093269,0,0.06901455670595169,0.0,-0.6420178413391113,D,0
29.410661556,0,0.06901455670595169,0.0,-0.6420178413391113,D,0
29.460882992,0,0.08042466640472412,0.0,-0.6370549201965332,D,0
29.510275202,0,0.08042466640472412,0.0,-0.6370549201965332,D,0
29.560864906,0,0.08862221986055374,0.0,-0.6343479156494141,D,0
29.610100946,0,0.08862221986055374,0.0,-0.6343479156494141,D,0
29.66078974,0,0.09681978076696396,0.0,-0.6316408514976501,D,0
29.710148578,0,0.09681978076696396,0.0,-0.6316408514976501,D,0
29.760924976,0,0.12163399904966354,0.0,-0.6496877670288086,D,0
29.810043273,0,0.12163399904966354,0.0,-0.6496877670288086,D,0
29.860970624,0,0.1417955607175827,0.0,-0.6442736983299255,D,0
29.910171917,0,0.1417955607175827,0.0,-0.6442736983299255,D,0
29.96075759,0,0.14999310672283173,0.0,-0.6316408514976501,D,0
30.010074193,0,0.14999310672283173,0.0,-0.6316408514976501,D,0
30.061918884,0,0.15132243931293488,0.0,-0.6370549201965332,D,0
30.110512741,0,0.15132243931293488,0.0,-0.6370549201965332,D,0
30.161055825,0,0.16140322387218475,0.0,-0.6627717614173889,D,0
30.210065591,0,0.16140322387218475,0.0,-0.6627717614173889,D,0
30.260975374,0,0.1715947836637497,0.0,-0.6781116127967834,D,0
30.310180856,0,0.1715947836637497,0.0,-0.6781116127967834,D,0
30.360861457,0,0.1733672171831131,0.0,-0.6754045486450195,D,0
30.410192617,0,0.1733672171831131,0.0,-0.6754045486450195,D,0
30.460856227,0,0.17912766337394714,0.0,-0.698865532875061,D,0
30.510169374,0,0.17912766337394714,0.0,-0.698865532875061,D,0
30.560947976,0,0.18477733433246613,0.0,-0.7011213898658752,D,0
30.610072382,0,0.18477733433246613,0.0,-0.7011213898658752,D,0
30.660892962,0,0.19685211777687073,0.0,-0.6835256814956665,D,0
30.710117514,0,0.19685211777687073,0.0,-0.6835256814956665,D,0
30.760869688,0,0.21269333362579346,0.0,-0.6957073211669922,D,0
30.810148151,0,0.21269333362579346,0.0,-0.6957073211669922,D,0
30.860920898,0,0.21657055616378784,0.0,-0.6961584687232971,D,0
30.910274615,0,0.21657055616378784,0.0,-0.6961584687232971,D,0
30.960995498,0,0.18411266803741455,0.0,-0.7038283944129944,D,0
31.010127037,0,0.18411266803741455,0.0,-0.7038283944129944,D,0
31.060936641,0,0.11831066757440567,0.0,-0.6830744743347168,D,0
31.110110989,0,0.11831066757440567,0.0,-0.6830744743347168,D,0
31.1608319,0,0.043646443635225296,0.0,-0.6469807028770447,D,0
31.210140309,0,0.043646443635225296,0.0,-0.6469807028770447,D,0
31.2609558,0,0.02780522219836712,0.0,-0.6447248458862305,D,0
31.310122725,0,0.02780522219836712,0.0,-0.6447248458862305,D,0
31.360976386,0,0.04309255629777908,0.0,-0.6447248458862305,D,0
31.410254687,0,0.04309255629777908,0.0,-0.6447248458862305,D,0
31.460857888,0,0.03799677640199661,0.0,-0.6393107771873474,D,0
31.510033675,0,0.03799677640199661,0.0,-0.6393107771873474,D,0
31.560898183,0,0.017724445089697838,0.0,-0.6397619843482971,D,0
31.61010923,0,0.017724445089697838,0.0,-0.6397619843482971,D,0
31.660919281,0,0.017059776932001114,0.0,-0.6469807028770447,D,0
31.710103291,0,0.017059776932001114,0.0,-0.6469807028770447,D,0
31.760909631,0,0.024038778617978096,0.0,-0.6447248458862305,D,0
31.810128901,0,0.024038778617978096,0.0,-0.6447248458862305,D,0
31.860940392,0,0.0013293332885950804,0.0,-0.6496877670288086,D,0
31.910109173,0,0.0013293332885950804,0.0,-0.6496877670288086,D,0
31.960916248,0,0.0,0.04054466634988785,-0.628933846950531,D,0
32.010066087,0,0.0,0.04054466634988785,-0.628933846950531,D,0
32.060840812,0,0.0,0.05815833434462547,-0.6393107771873474,D,0
32.110028564,0,0.0,0.05815833434462547,-0.6393107771873474,D,0
32.16080057,0,0.0,0.04807755723595619,-0.628933846950531,D,0
32.210036763,0,0.0,0.04807755723595619,-0.628933846950531,D,0
32.260878231,0,0.0,0.04630511254072189,-0.6316408514976501,D,0
32.310264034,0,0.0,0.04630511254072189,-0.6316408514976501,D,0
32.360837733,0,0.0,0.0557212233543396,-0.6338967084884644,D,0
32.410032011,0,0.0,0.0557212233543396,-0.6338967084884644,D,0
32.460838732,0,0.0,0.05693977698683739,-0.6343479156494141,D,0
32.510040978,0,0.0,0.05693977698683739,-0.6343479156494141,D,0
32.560823478,0,0.0,0.05760444328188896,-0.6415666341781616,D,0
32.610005695,0,0.0,0.05760444328188896,-0.6415666341781616,D,0
32.660847227,0,0.0,0.06646666675806046,-0.6316408514976501,D,0
32.710028643,0,0.0,0.06646666675806046,-0.6316408514976501,D,0
32.760861985,0,0.0,0.08419111371040344,-0.6316408514976501,D,0
32.810031755,0,0.0,0.08419111371040344,-0.6316408514976501,D,0
32.860969913,0,0.0,0.11011311411857605,-0.6496877670288086,D,0
32.910052752,0,0.0,0.11011311411857605,-0.6496877670288086,D,0
32.960762879,0,0.0,0.13614588975906372,-0.6266779899597168,D,0
33.010032218,0,0.0,0.13614588975906372,-0.6266779899597168,D,0
33.060709099,0,0.0,0.1518763303756714,-0.6239709258079529,D,0
33.110027485,0,0.0,0.1518763303756714,-0.6239709258079529,D,0
33.160643063,0,0.0,0.16018466651439667,-0.6469807028770447,D,0
33.210052765,0,0.0,0.16018466651439667,-0.6469807028770447,D,0
33.260744364,0,0.0,0.17347800731658936,-0.6496877670288086,D,0
33.310072285,0,0.0,0.17347800731658936,-0.6496877670288086,D,0
33.360689494,0,0.0,0.18355877697467804,-0.6654787659645081,D,0
33.410024263,0,0.0,0.18355877697467804,-0.6654787659645081,D,0
33.46072514,0,0.0,0.19441500306129456,-0.6573576927185059,D,0
33.51005063,0,0.0,0.19441500306129456,-0.6573576927185059,D,0
33.560712569,0,0.0,0.207597553730011,-0.6551018357276917,D,0
33.610018381,0,0.0,0.207597553730011,-0.6551018357276917,D,0
33.660718811,0,0.0,0.2184537798166275,-0.6523947715759277,D,0
33.710046956,0,0.0,0.2184537798166275,-0.6523947715759277,D,0
33.760710527,0,0.0,0.22598665952682495,-0.6623205542564392,D,0
33.810030609,0,0.0,0.22598665952682495,-0.6623205542564392,D,0
33.860707938,0,0.0,0.23041777312755585,-0.6442736983299255,D,0
33.910019734,0,0.0,0.23041777312755585,-0.6442736983299255,D,0
33.960676298,0,0.0,0.23606744408607483,-0.6420178413391113,D,0
34.010053043,0,0.0,0.23606744408607483,-0.6420178413391113,D,0
34.06069895,0,0.0,0.22598665952682495,-0.6469807028770447,D,0
34.110028372,0,0.0,0.22598665952682495,-0.6469807028770447,D,0
34.160699204,0,0.0,0.18743599951267242,-0.6343479156494141,D,0
34.210014356,0,0.0,0.18743599951267242,-0.6343479156494141,D,0
34.260724766,0,0.0,0.1450081169605255,-0.6212639212608337,D,0
34.310016402,0,0.0,0.1450081169605255,-0.6212639212608337,D,0
34.360694816,0,0.0,0.13348722457885742,-0.6212639212608337,D,0
34.410064905,0,0.0,0.13348722457885742,-0.6212639212608337,D,0
34.46068512,0,0.0,0.1385830044746399,-0.6366037726402283,D,0
34.510065223,0,0.0,0.1385830044746399,-0.6366037726402283,D,0
34.561215922,0,0.0,0.1208585575222969,-0.6420178413391113,D,0
34.610057158,0,0.0,0.1208585575222969,-0.6420178413391113,D,0
34.660770832,0,0.0,0.09748444706201553,-0.6081799268722534,D,0
34.710085056,0,0.0,0.09748444706201553,-0.6081799268722534,D,0
34.761423728,0,0.0,0.07599355280399323,-0.6135939955711365,D,0
34.810086718,0,0.0,0.07599355280399323,-0.6135939955711365,D,0
34.860849056,0,0.0,0.04752366617321968,-0.6366037726402283,D,0
34.910072766,0,0.0,0.04752366617321968,-0.6366037726402283,D,0
34.9610337,0,0.0,0.036778222769498825,-0.628933846950531,D,0
35.010063964,0,0.0,0.036778222769498825,-0.628933846950531,D,0
35.060905136,0,0.0,0.036778222769498825,-0.628933846950531,D,0
35.110051319,0,0.0,0.058269109576940536,-0.6190080642700195,D,0
35.161213438,0,0.0,0.058269109576940536,-0.6190080642700195,D,0
35.210065678,0,0.0,0.056385889649391174,-0.6420178413391113,D,0
35.260915073,0,0.0,0.056385889649391174,-0.6420178413391113,D,0
35.310051881,0,0.0,0.04486500099301338,-0.6420178413391113,D,0
35.360894781,0,0.0,0.04486500099301338,-0.6420178413391113,D,0
35.410069791,0,0.0,0.04807755723595619,-0.6190080642700195,D,0
35.46089583,0,0.0,0.04807755723595619,-0.6190080642700195,D,0
35.510076183,0,0.0,0.054502665996551514,-0.6343479156494141,D,0
35.560905294,0,0.0,0.054502665996551514,-0.6343479156494141,D,0
35.610072625,0,0.0,0.05250866711139679,-0.6523947715759277,D,0
35.660929123,0,0.0,0.05250866711139679,-0.6523947715759277,D,0
35.710073354,0,0.0,0.04298177734017372,-0.628933846950531,D,0
35.760729593,0,0.0,0.04298177734017372,-0.628933846950531,D,0
35.810049798,0,0.0,0.026586666703224182,-0.6135939955711365,D,0
35.860988749,0,0.0,0.026586666703224182,-0.6135939955711365,D,0
35.910008485,0,0.01074544433504343,0.0,-0.6212639212608337,D,0
35.960922,0,0.01074544433504343,0.0,-0.6212639212608337,D,0
36.010023899,0,0.04242789000272751,0.0,-0.6420178413391113,D,0
36.060944866,0,0.04242789000272751,0.0,-0.6420178413391113,D,0
36.110010193,0,0.03733211010694504,0.0,-0.6266779899597168,D,0
36.160908315,0,0.03733211010694504,0.0,-0.6266779899597168,D,0
36.210158992,0,0.024038778617978096,0.0,-0.6393107771873474,D,0
36.260912207,0,0.024038778617978096,0.0,-0.6393107771873474,D,0
36.310154949,0,0.033565666526556015,0.0,-0.6420178413391113,D,0
36.360880199,0,0.033565666526556015,0.0,-0.6420178413391113,D,0
36.410070437,0,0.0392153337597847,0.0,-0.6343479156494141,D,0
36.460980205,0,0.0392153337597847,0.0,-0.6343479156494141,D,0
36.510150989,0,0.03101777844130993,0.0,-0.6316408514976501,D,0
36.560955973,0,0.03101777844130993,0.0,-0.6316408514976501,D,0
36.610194363,0,0.03101777844130993,0.0,-0.6370549201965332,D,0
36.660852936,0,0.03101777844130993,0.0,-0.6370549201965332,D,0
36.710127129,0,0.03423033282160759,0.0,-0.6447248458862305,D,0
36.760924242,0,0.03423033282160759,0.0,-0.6447248458862305,D,0
36.810070037,0,0.03157166764140129,0.0,-0.6393107771873474,D,0
36.860769852,0,0.03157166764140129,0.0,-0.6393107771873474,D,0
36.910066122,0,0.030463889241218567,0.0,-0.6393107771873474,D,0
36.960805355,0,0.030463889241218567,0.0,-0.6393107771873474,D,0
37.010053087,0,0.033565666526556015,0.0,-0.6366037726402283,D,0
37.060732358,0,0.033565666526556015,0.0,-0.6366037726402283,D,0
37.110047983,0,0.03411955386400223,0.0,-0.628933846950531,D,0
37.160734965,0,0.03411955386400223,0.0,-0.628933846950531,D,0
37.210046111,0,0.03157166764140129,0.0,-0.6393107771873474,D,0
37.260751362,0,0.03157166764140129,0.0,-0.6393107771873474,D,0
37.310051405,0,0.008862222544848919,0.0,-0.5621603727340698,D,0
37.360761808,0,0.008862222544848919,0.0,-0.5621603727340698,D,0
37.41004195,0,0.0,0.0018832222558557987,-0.39928725361824036,D,0
37.460745889,0,0.0,0.0018832222558557987,-0.39928725361824036,D,0
37.510048428,0,0.0013293332885950804,0.0,-0.21656258404254913,D,0
37.560764846,0,0.0013293332885950804,0.0,-0.21656258404254913,D,0
37.61005865,0,0.00819755531847477,0.0,-0.1109883263707161,D,0
37.660820501,0,0.00819755531847477,0.0,-0.1109883263707161,D,0
37.710057066,0,0.003212555544450879,0.0,-0.023009775206446648,D,0
37.760813189,0,0.003212555544450879,0.0,-0.023009775206446648,D,0
37.810061336,0,0.0,0.0037664445117115974,0.02075391449034214,D,0
37.861128584,0,0.0,0.0037664445117115974,0.02075391449034214,D,0
37.910055784,0,0.0,0.003212555544450879,0.023009775206446648,D,0
37.960763243,0,0.0,0.003212555544450879,0.023009775206446648,D,0
38.010011389,0,0.011963999830186367,0.0,0.0902344137430191,D,0
38.060688098,0,0.011963999830186367,0.0,0.0902344137430191,D,0
38.110089052,0,0.046748220920562744,0.0,0.25265634059906006,D,0
38.16070481,0,0.046748220920562744,0.0,0.25265634059906006,D,0
38.210636761,0,0.07854144275188446,0.0,0.40740835666656494,D,0
38.261067904,0,0.07854144275188446,0.0,0.40740835666656494,D,0
38.310015868,0,0.05893377959728241,0.0,0.508019745349884,D,0
38.360697504,0,0.05893377959728241,0.0,0.508019745349884,D,0
38.41004701,0,0.049960777163505554,0.0,0.6420178413391113,D,0
38.460734181,0,0.049960777163505554,0.0,0.6420178413391113,D,0
38.510111011,0,0.06203555688261986,0.0,0.6650276184082031,D,0
38.560745102,0,0.06203555688261986,0.0,0.6650276184082031,D,0
38.610068084,0,0.05372722074389458,0.0,0.6059240698814392,D,0
38.661001044,0,0.05372722074389458,0.0,0.6059240698814392,D,0
38.710076797,0,0.04120933264493942,0.0,0.6163010001182556,D,0
38.760693386,0,0.04120933264493942,0.0,0.6163010001182556,D,0
38.810089734,0,0.031682442873716354,0.0,0.6496877670288086,D,0
38.860718769,0,0.031682442873716354,0.0,0.6496877670288086,D,0
38.910056597,0,0.02470344491302967,0.0,0.6420178413391113,D,0
38.960904833,0,0.02470344491302967,0.0,0.6420178413391113,D,0
39.010032418,0,0.020272333174943924,0.0,0.6185568571090698,D,0
39.060745695,0,0.020272333174943924,0.0,0.6185568571090698,D,0
39.110081312,0,0.018389111384749413,0.0,0.6370549201965332,D,0
39.160725415,0,0.018389111384749413,0.0,0.6370549201965332,D,0
39.210079654,0,0.01141011156141758,0.0,0.6447248458862305,D,0
39.260781477,0,0.01141011156141758,0.0,0.6447248458862305,D,0
39.310271409,0,0.0031017777509987354,0.0,0.6316408514976501,D,0
39.360781963,0,0.0031017777509987354,0.0,0.6316408514976501,D,0
39.410077714,0,0.006314333528280258,0.0,0.6293849945068359,D,0
39.460739415,0,0.006314333528280258,0.0,0.6293849945068359,D,0
39.510071513,0,0.009526888839900494,0.0,0.6370549201965332,D,0
39.560769944,0,0.009526888839900494,0.0,0.6370549201965332,D,0
39.610076862,0,0.007643666584044695,0.0,0.6393107771873474,D,0
39.660743138,0,0.007643666584044695,0.0,0.6393107771873474,D,0
39.710079139,0,0.006314333528280258,0.0,0.6338967084884644,D,0
39.760753222,0,0.006314333528280258,0.0,0.6338967084884644,D,0
39.810062539,0,0.007532889023423195,0.0,0.6343479156494141,D,0
39.860724624,0,0.007532889023423195,0.0,0.6343479156494141,D,0
39.910059953,0,0.007532889023423195,0.0,0.6343479156494141,D,0
39.960768719,0,0.007532889023423195,0.0,0.6343479156494141,D,0
40.010072276,0,0.006314333528280258,0.0,0.6338967084884644,D,0
40.060711993,0,0.006314333528280258,0.0,0.6338967084884644,D,0
40.110196355,0,0.009416110813617706,0.0,0.6420178413391113,D,0
40.160745718,0,0.009416110813617706,0.0,0.6420178413391113,D,0
40.210084308,0,0.008862222544848919,0.0,0.6442736983299255,D,0
40.260807406,0,0.008862222544848919,0.0,0.6442736983299255,D,0
40.310076823,0,0.006978999823331833,0.0,0.6420178413391113,D,0
40.360676321,0,0.006978999823331833,0.0,0.6420178413391113,D,0
40.410152973,0,0.006314333528280258,0.0,0.6338967084884644,D,0
40.460796977,0,0.006314333528280258,0.0,0.6338967084884644,D,0
40.510118611,0,0.006978999823331833,0.0,0.6366037726402283,D,0
40.56074009,0,0.006978999823331833,0.0,0.6366037726402283,D,0
40.610083737,0,0.007643666584044695,0.0,0.6393107771873474,D,0
40.660768471,0,0.007643666584044695,0.0,0.6393107771873474,D,0
40.710362482,0,0.007643666584044695,0.0,0.6393107771873474,D,0
40.760772184,0,0.007643666584044695,0.0,0.6393107771873474,D,0
40.810102584,0,0.006868222262710333,0.0,0.6316408514976501,D,0
40.860754747,0,0.006868222262710333,0.0,0.6316408514976501,D,0
40.910090043,0,0.006314333528280258,0.0,0.6338967084884644,D,0
40.960708067,0,0.006314333528280258,0.0,0.6338967084884644,D,0
41.010047233,0,0.00819755531847477,0.0,0.6316408514976501,D,0
41.060740764,0,0.00819755531847477,0.0,0.6316408514976501,D,0
41.110044221,0,0.009526888839900494,0.0,0.6370549201965332,D,0
41.160708861,0,0.009526888839900494,0.0,0.6370549201965332,D,0
41.210061431,0,0.006978999823331833,0.0,0.6366037726402283,D,0
41.260754322,0,0.006978999823331833,0.0,0.6366037726402283,D,0
41.310048917,0,0.006314333528280258,0.0,0.6293849945068359,D,0
41.360699671,0,0.006314333528280258,0.0,0.6293849945068359,D,0
41.410070734,0,0.00819755531847477,0.0,0.6316408514976501,D,0
41.460784103,0,0.00819755531847477,0.0,0.6316408514976501,D,0
41.510072778,0,0.008862222544848919,0.0,0.6442736983299255,D,0
41.560755783,0,0.008862222544848919,0.0,0.6442736983299255,D,0
41.610069831,0,0.035448890179395676,0.0,0.6551018357276917,D,0
41.661226816,0,0.035448890179395676,0.0,0.6551018357276917,D,0
41.710082786,0,0.08363722264766693,0.0,0.6239709258079529,D,0
41.760777021,0,0.08363722264766693,0.0,0.6239709258079529,D,0
41.81005389,0,0.104352667927742,0.0,0.6316408514976501,D,0
41.861616001,0,0.104352667927742,0.0,0.6316408514976501,D,0
41.910458917,0,0.0993676632642746,0.0,0.6266779899597168,D,0
41.96096553,0,0.0993676632642746,0.0,0.6266779899597168,D,0
42.010356334,0,0.09748444706201553,0.0,0.623519778251648,D,0
42.060840421,0,0.09748444706201553,0.0,0.623519778251648,D,0
42.110080173,0,0.10512810945510864,0.0,0.6239709258079529,D,0
42.160928432,0,0.10512810945510864,0.0,0.6239709258079529,D,0
42.210027437,0,0.10191555321216583,0.0,0.6262267827987671,D,0
42.261143145,0,0.10191555321216583,0.0,0.6262267827987671,D,0
42.310260995,0,0.09870299696922302,0.0,0.6239709258079529,D,0
42.360748345,0,0.09870299696922302,0.0,0.6239709258079529,D,0
42.410256315,0,0.10191555321216583,0.0,0.6262267827987671,D,0
42.461119484,0,0.10191555321216583,0.0,0.6262267827987671,D,0
42.510036178,0,0.11964000016450882,0.0,0.6217150688171387,D,0
42.560720396,0,0.11964000016450882,0.0,0.6217150688171387,D,0
42.610279335,0,0.15575355291366577,0.0,0.6081799268722534,D,0
42.660709446,0,0.15575355291366577,0.0,0.6081799268722534,D,0
42.710318073,0,0.21269333362579346,0.0,0.5874260067939758,D,0
42.760742808,0,0.21269333362579346,0.0,0.5874260067939758,D,0
42.810300979,0,0.26077088713645935,0.0,0.6190080642700195,D,0
42.860754734,0,0.26077088713645935,0.0,0.6190080642700195,D,0
42.910056174,0,0.29998621344566345,0.0,0.5982541441917419,D,0
42.960944363,0,0.29998621344566345,0.0,0.5982541441917419,D,0
43.010250569,0,0.3292315602302551,0.0,0.5206525325775146,D,0
43.060751995,0,0.3292315602302551,0.0,0.5206525325775146,D,0
43.110255899,0,0.33177945017814636,0.0,0.4795958995819092,D,0
43.160761228,0,0.33177945017814636,0.0,0.4795958995819092,D,0
43.210026607,0,0.31649211049079895,0.0,0.5003498196601868,D,0
43.260830133,0,0.31649211049079895,0.0,0.5003498196601868,D,0
43.310030049,0,0.3000969886779785,0.0,0.6032170057296753,D,0
43.360847782,0,0.3000969886779785,0.0,0.6032170057296753,D,0
43.410121575,0,0.2399446666240692,0.0,0.6370549201965332,D,0
43.46073073,0,0.2399446666240692,0.0,0.6370549201965332,D,0
43.510082048,0,0.1550888866186142,0.0,0.6217150688171387,D,0
43.561029682,0,0.1550888866186142,0.0,0.6217150688171387,D,0
43.610135179,0,0.1235172227025032,0.0,0.5851701498031616,D,0
43.660810212,0,0.1235172227025032,0.0,0.5851701498031616,D,0
43.71005281,0,0.12340644747018814,0.0,0.6262267827987671,D,0
43.760743297,0,0.12340644747018814,0.0,0.6262267827987671,D,0
43.810036383,0,0.0905054435133934,0.0,0.6420178413391113,D,0
43.860775407,0,0.0905054435133934,0.0,0.6420178413391113,D,0
43.910059407,0,0.0557212233543396,0.0,0.6086310744285583,D,0
43.960984901,0,0.0557212233543396,0.0,0.6086310744285583,D,0
44.01005437,0,0.05948766693472862,0.0,0.6086310744285583,D,0
44.060836809,0,0.05948766693472862,0.0,0.6086310744285583,D,0
44.110052976,0,0.04807755723595619,0.0,0.6343479156494141,D,0
44.160852565,0,0.04807755723595619,0.0,0.6343479156494141,D,0
44.210186252,0,0.0,0.010191555134952068,0.6704416871070862,D,0
44.26110064,0,0.0,0.010191555134952068,0.6704416871070862,D,0
44.310079913,0,0.0,0.025257334113121033,0.628933846950531,D,0
44.360872047,0,0.0,0.025257334113121033,0.628933846950531,D,0
44.410060731,0,0.0,0.0006646666442975402,0.6370549201965332,D,0
44.460889851,0,0.0,0.0006646666442975402,0.6370549201965332,D,0
44.510096676,0,0.0,0.0005538889090530574,0.6420178413391113,D,0
44.561051507,0,0.0,0.0005538889090530574,0.6420178413391113,D,0
44.610089011,0,0.0,0.017724445089697838,0.628933846950531,D,0
44.660775049,0,0.0,0.017724445089697838,0.628933846950531,D,0
44.710096769,0,0.0,0.012628667056560516,0.6190080642700195,D,0
44.760946079,0,0.0,0.012628667056560516,0.6190080642700195,D,0
44.810204384,0,0.0,0.0037664445117115974,0.6442736983299255,D,0
44.860970154,0,0.0,0.0037664445117115974,0.6442736983299255,D,0
44.910078144,0,0.0,0.01141011156141758,0.6338967084884644,D,0
44.960871078,0,0.0,0.01141011156141758,0.6338967084884644,D,0
45.010195805,0,0.0,0.015176555141806602,0.6239709258079529,D,0
45.06089003,0,0.0,0.015176555141806602,0.6239709258079529,D,0
45.110149133,0,0.0,0.008862222544848919,0.628933846950531,D,0
45.160880186,0,0.0,0.008862222544848919,0.628933846950531,D,0
45.210097375,0,0.0,0.007643666584044695,0.6447248458862305,D,0
45.261004306,0,0.0,0.007643666584044695,0.6447248458862305,D,0
45.310799556,0,0.0,0.010191555134952068,0.6343479156494141,D,0
45.360852146,0,0.0,0.010191555134952068,0.6343479156494141,D,0
45.410127822,0,0.0,0.00819755531847477,0.6316408514976501,D,0
45.461836175,0,0.0,0.00819755531847477,0.6316408514976501,D,0
45.510722691,0,0.0,0.00819755531847477,0.6316408514976501,D,0
45.561166328,0,0.0,0.00819755531847477,0.6316408514976501,D,0
45.610112772,0,0.0,0.0012185556115582585,0.6393107771873474,D,0
45.66105733,0,0.0,0.0012185556115582585,0.6393107771873474,D,0
45.710111918,0,0.014511888846755028,0.0,0.6266779899597168,D,0
45.761256991,0,0.014511888846755028,0.0,0.6266779899597168,D,0
45.810372403,0,0.023374110460281372,0.0,0.6366037726402283,D,0
45.861731845,0,0.023374110460281372,0.0,0.6366037726402283,D,0
45.910827931,0,0.018389111384749413,0.0,0.6370549201965332,D,0
45.960980794,0,0.018389111384749413,0.0,0.6370549201965332,D,0
46.01009998,0,0.013957999646663666,0.0,0.6343479156494141,D,0
46.060779742,0,0.013957999646663666,0.0,0.6343479156494141,D,0
46.110284567,0,0.019053777679800987,0.0,0.6343479156494141,D,0
46.161302488,0,0.019053777679800987,0.0,0.6343479156494141,D,0
46.210314296,0,0.0209369994699955,0.0,0.6420178413391113,D,0
46.260831041,0,0.0209369994699955,0.0,0.6420178413391113,D,0
46.310092157,0,0.015841221436858177,0.0,0.6366037726402283,D,0
46.360875744,0,0.015841221436858177,0.0,0.6366037726402283,D,0
46.410130557,0,0.015176555141806602,0.0,0.6338967084884644,D,0
46.460827052,0,0.015176555141806602,0.0,0.6338967084884644,D,0
46.510071819,0,0.017059776932001114,0.0,0.6316408514976501,D,0
46.560807253,0,0.017059776932001114,0.0,0.6316408514976501,D,0
46.610051347,0,0.017724445089697838,0.0,0.6343479156494141,D,0
46.660897325,0,0.017724445089697838,0.0,0.6343479156494141,D,0
46.710348398,0,0.0165058895945549,0.0,0.6393107771873474,D,0
46.760839739,0,0.0165058895945549,0.0,0.6393107771873474,D,0
46.810046175,0,0.0209369994699955,0.0,0.6366037726402283,D,0
46.861062048,0,0.0209369994699955,0.0,0.6366037726402283,D,0
46.91004698,0,0.025257334113121033,0.0,0.6343479156494141,D,0
46.960869825,0,0.025257334113121033,0.0,0.6343479156494141,D,0
47.010098401,0,0.032236333936452866,0.0,0.6366037726402283,D,0
47.060813227,0,0.032236333936452866,0.0,0.6366037726402283,D,0
47.110263914,0,0.03988000005483627,0.0,0.6415666341781616,D,0
47.160909278,0,0.03988000005483627,0.0,0.6415666341781616,D,0
47.210123135,0,0.04298177734017372,0.0,0.6343479156494141,D,0
47.260880067,0,0.04298177734017372,0.0,0.6343479156494141,D,0
47.310143645,0,0.041763223707675934,0.0,0.6293849945068359,D,0
47.360818093,0,0.041763223707675934,0.0,0.6293849945068359,D,0
47.41024408,0,0.04431110993027687,0.0,0.6343479156494141,D,0
47.460964313,0,0.04431110993027687,0.0,0.6343479156494141,D,0
47.510352417,0,0.048188332468271255,0.0,0.6393107771873474,D,0
47.560847531,0,0.048188332468271255,0.0,0.6393107771873474,D,0
47.610273581,0,0.04807755723595619,0.0,0.6343479156494141,D,0
47.660794419,0,0.04807755723595619,0.0,0.6343479156494141,D,0
47.710109126,0,0.04309255629777908,0.0,0.6239709258079529,D,0
47.760842093,0,0.04309255629777908,0.0,0.6239709258079529,D,0
47.810139426,0,0.044975776225328445,0.0,0.6316408514976501,D,0
47.860906789,0,0.044975776225328445,0.0,0.6316408514976501,D,0
47.910047376,0,0.046858999878168106,0.0,0.6393107771873474,D,0
47.961176191,0,0.046858999878168106,0.0,0.6393107771873474,D,0
48.010265361,0,0.044975776225328445,0.0,0.6316408514976501,D,0
48.060918881,0,0.044975776225328445,0.0,0.6316408514976501,D,0
48.110138335,0,0.04309255629777908,0.0,0.6239709258079529,D,0
48.16089309,0,0.04309255629777908,0.0,0.6239709258079529,D,0
48.210104289,0,0.04431110993027687,0.0,0.6343479156494141,D,0
48.260945591,0,0.04431110993027687,0.0,0.6343479156494141,D,0
48.310155606,0,0.046858999878168106,0.0,0.6393107771873474,D,0
48.361142039,0,0.046858999878168106,0.0,0.6393107771873474,D,0
48.410253988,0,0.04630511254072189,0.0,0.6316408514976501,D,0
48.460913716,0,0.04630511254072189,0.0,0.6316408514976501,D,0
48.510113525,0,0.04619433358311653,0.0,0.6266779899597168,D,0
48.561013794,0,0.04619433358311653,0.0,0.6266779899597168,D,0
48.610111217,0,0.04807755723595619,0.0,0.6343479156494141,D,0
48.660827129,0,0.04807755723595619,0.0,0.6343479156494141,D,0
48.710054902,0,0.04940688982605934,0.0,0.6442736983299255,D,0
48.760996189,0,0.04940688982605934,0.0,0.6442736983299255,D,0
48.810042324,0,0.046858999878168106,0.0,0.6338967084884644,D,0
48.860860781,0,0.046858999878168106,0.0,0.6338967084884644,D,0
48.910968268,0,0.04552966728806496,0.0,0.6239709258079529,D,0
48.961101575,0,0.04552966728806496,0.0,0.6239709258079529,D,0
49.010695278,0,0.04874222353100777,0.0,0.6316408514976501,D,0
49.060819657,0,0.04874222353100777,0.0,0.6316408514976501,D,0
49.11049274,0,0.04874222353100777,0.0,0.6415666341781616,D,0
49.161083355,0,0.04874222353100777,0.0,0.6415666341781616,D,0
49.21014091,0,0.046858999878168106,0.0,0.6293849945068359,D,0
49.261180485,0,0.046858999878168106,0.0,0.6293849945068359,D,0
49.310943507,0,0.04752366617321968,0.0,0.6212639212608337,D,0
49.360872105,0,0.04752366617321968,0.0,0.6212639212608337,D,0
49.410071336,0,0.05062544345855713,0.0,0.6338967084884644,D,0
49.460901917,0,0.05062544345855713,0.0,0.6338967084884644,D,0
49.510287137,0,0.049960777163505554,0.0,0.6420178413391113,D,0
49.561038338,0,0.049960777163505554,0.0,0.6420178413391113,D,0
49.610263101,0,0.04752366617321968,0.0,0.6266779899597168,D,0
49.661077268,0,0.04752366617321968,0.0,0.6266779899597168,D,0
49.710154084,0,0.03733211010694504,0.0,0.6113381385803223,D,0
49.760943711,0,0.03733211010694504,0.0,0.6113381385803223,D,0
49.810283114,0,0.0,0.01074544433504343,0.45613494515419006,D,0
49.860880608,0,0.0,0.01074544433504343,0.45613494515419006,D,0
49.910280258,0,0.0,0.018389111384749413,0.2553633749485016,D,0
49.961009478,0,0.0,0.018389111384749413,0.2553633749485016,D,0
50.010080374,0,0.005649666767567396,0.0,0.13129106163978577,D,0
50.060851185,0,0.005649666767567396,0.0,0.13129106163978577,D,0
50.110081225,0,0.005760444328188896,0.0,0.05414064601063728,D,0
50.160862723,0,0.005760444328188896,0.0,0.05414064601063728,D,0
50.210135861,0,0.0,0.0037664445117115974,-0.005414064507931471,D,0
50.260887251,0,0.0,0.0037664445117115974,-0.005414064507931471,D,0
50.310281396,0,0.022155554965138435,0.0,-0.012632817029953003,D,0
50.360777559,0,0.022155554965138435,0.0,-0.012632817029953003,D,0
50.41009501,0,0.07089778035879135,0.0,0.046019550412893295,D,0
50.460926389,0,0.07089778035879135,0.0,0.046019550412893295,D,0
50.510047613,0,0.12407111376523972,0.0,0.0776015892624855,D,0
50.560827415,0,0.12407111376523972,0.0,0.0776015892624855,D,0
50.610095305,0,0.16528044641017914,0.0,0.03338673338294029,D,0
50.661011088,0,0.16528044641017914,0.0,0.03338673338294029,D,0
50.710094237,0,0.207597553730011,0.0,0.05143361538648605,D,0
50.760812128,0,0.207597553730011,0.0,0.05143361538648605,D,0
50.810122061,0,0.26276490092277527,0.0,0.03880079463124275,D,0
50.860720161,0,0.26276490092277527,0.0,0.03880079463124275,D,0
50.910091781,0,0.30707600712776184,0.0,0.01804688200354576,D,0
50.960743953,0,0.30707600712776184,0.0,0.01804688200354576,D,0
51.010095767,0,0.35515356063842773,0.0,0.03880079463124275,D,0
51.060736867,0,0.35515356063842773,0.0,0.03880079463124275,D,0
51.110064555,0,0.4013478755950928,0.0,0.051884785294532776,D,0
51.160741809,0,0.4013478755950928,0.0,0.051884785294532776,D,0
51.210093302,0,0.44565901160240173,0.0,0.04647072032094002,D,0
51.260723203,0,0.44565901160240173,0.0,0.04647072032094002,D,0
51.310110979,0,0.4652666747570038,0.0,-0.02346094697713852,D,0
51.360746159,0,0.4652666747570038,0.0,-0.02346094697713852,D,0
51.410093876,0,0.45385655760765076,0.0,-0.033837903290987015,D,0
51.460767452,0,0.45385655760765076,0.0,-0.033837903290987015,D,0
51.510066632,0,0.44565901160240173,0.0,-0.01037695724517107,D,0
51.560724561,0,0.44565901160240173,0.0,-0.01037695724517107,D,0
51.610078741,0,0.45507511496543884,0.0,-0.01804688200354576,D,0
51.660759451,0,0.45507511496543884,0.0,-0.01804688200354576,D,0
51.71016684,0,0.4570690989494324,0.0,-0.03609376400709152,D,0
51.760740621,0,0.4570690989494324,0.0,-0.03609376400709152,D,0
51.810132396,0,0.4487607777118683,0.0,-0.028423840180039406,D,0
51.860761082,0,0.4487607777118683,0.0,-0.028423840180039406,D,0
51.910054311,0,0.45452120900154114,0.0,-0.015791021287441254,D,0
51.960713488,0,0.45452120900154114,0.0,-0.015791021287441254,D,0
52.010042519,0,0.4551858901977539,0.0,-0.028423840180039406,D,0
52.060692767,0,0.4551858901977539,0.0,-0.028423840180039406,D,0
52.110081212,0,0.4519733190536499,0.0,-0.03609376400709152,D,0
52.160705928,0,0.4519733190536499,0.0,-0.03609376400709152,D,0
52.210100868,0,0.45009011030197144,0.0,-0.028423840180039406,D,0
52.260767306,0,0.45009011030197144,0.0,-0.028423840180039406,D,0
52.310080978,0,0.4551858901977539,0.0,-0.023009775206446648,D,0
52.360703774,0,0.4551858901977539,0.0,-0.023009775206446648,D,0
52.410114136,0,0.4558505415916443,0.0,-0.025716807693243027,D,0
52.460663375,0,0.4558505415916443,0.0,-0.025716807693243027,D,0
52.51009703,0,0.4519733190536499,0.0,-0.0261679794639349,D,0
52.56067852,0,0.4519733190536499,0.0,-0.0261679794639349,D,0
52.610101072,0,0.45507511496543884,0.0,-0.01804688200354576,D,0
52.660706495,0,0.45507511496543884,0.0,-0.01804688200354576,D,0
52.710082654,0,0.4519733190536499,0.0,-0.030679699033498764,D,0
52.760680334,0,0.4519733190536499,0.0,-0.030679699033498764,D,0
52.810079337,0,0.45385655760765076,0.0,-0.028423840180039406,D,0
52.860703445,0,0.45385655760765076,0.0,-0.028423840180039406,D,0
52.910072725,0,0.453191876411438,0.0,-0.031130870804190636,D,0
52.960780469,0,0.453191876411438,0.0,-0.031130870804190636,D,0
53.010089149,0,0.4558505415916443,0.0,-0.025716807693243027,D,0
53.060746146,0,0.4558505415916443,0.0,-0.025716807693243027,D,0
53.110271369,0,0.45452120900154114,0.0,-0.02030274271965027,D,0
53.160766886,0,0.45452120900154114,0.0,-0.02030274271965027,D,0
53.210070669,0,0.4519733190536499,0.0,-0.030679699033498764,D,0
53.260732241,0,0.4519733190536499,0.0,-0.030679699033498764,D,0
53.310060949,0,0.453191876411438,0.0,-0.031130870804190636,D,0
53.360744215,0,0.453191876411438,0.0,-0.031130870804190636,D,0
53.410058524,0,0.45263800024986267,0.0,-0.03338673338294029,D,0
53.460764634,0,0.45263800024986267,0.0,-0.03338673338294029,D,0
53.510075328,0,0.45385655760765076,0.0,-0.023009775206446648,D,0
53.560692331,0,0.45385655760765076,0.0,-0.023009775206446648,D,0
53.610256877,0,0.45385655760765076,0.0,-0.023009775206446648,D,0
53.660669653,0,0.45385655760765076,0.0,-0.023009775206446648,D,0
53.710019702,0,0.4551858901977539,0.0,-0.023009775206446648,D,0
53.760671036,0,0.4551858901977539,0.0,-0.023009775206446648,D,0
53.809996448,0,0.453191876411438,0.0,-0.025716807693243027,D,0
53.860773172,0,0.453191876411438,0.0,-0.025716807693243027,D,0
53.909987592,0,0.4514194428920746,0.0,-0.028423840180039406,D,0
53.960669994,0,0.4514194428920746,0.0,-0.028423840180039406,D,0
54.009986158,0,0.453191876411438,0.0,-0.025716807693243027,D,0
54.06064968,0,0.453191876411438,0.0,-0.025716807693243027,D,0
54.110068484,0,0.45452120900154114,0.0,-0.031130870804190636,D,0
54.160660209,0,0.45452120900154114,0.0,-0.031130870804190636,D,0
54.210011855,0,0.45452120900154114,0.0,-0.02030274271965027,D,0
54.260951306,0,0.45452120900154114,0.0,-0.02030274271965027,D,0
54.310002323,0,0.45263800024986267,0.0,-0.02346094697713852,D,0
54.360681267,0,0.45263800024986267,0.0,-0.02346094697713852,D,0
54.409983576,0,0.45452120900154114,0.0,-0.031130870804190636,D,0
54.460676886,0,0.45452120900154114,0.0,-0.031130870804190636,D,0
54.509995129,0,0.453191876411438,0.0,-0.031130870804190636,D,0
54.560710772,0,0.453191876411438,0.0,-0.031130870804190636,D,0
54.610003258,0,0.4525272250175476,0.0,-0.028423840180039406,D,0
54.660873759,0,0.4525272250175476,0.0,-0.028423840180039406,D,0
54.710133674,0,0.45452120900154114,0.0,-0.02030274271965027,D,0
54.761061574,0,0.45452120900154114,0.0,-0.02030274271965027,D,0
54.810083444,0,0.4551858901977539,0.0,-0.028423840180039406,D,0
54.860765075,0,0.4551858901977539,0.0,-0.028423840180039406,D,0
54.910080695,0,0.45452120900154114,0.0,-0.02030274271965027,D,0
54.960772853,0,0.45452120900154114,0.0,-0.02030274271965027,D,0
55.010050908,0,0.4507547914981842,0.0,-0.031130870804190636,D,0
55.060731546,0,0.4507547914981842,0.0,-0.031130870804190636,D,0
55.110083894,0,0.4519733190536499,0.0,-0.0261679794639349,D,0
55.160925308,0,0.4519733190536499,0.0,-0.0261679794639349,D,0
55.210036795,0,0.45385655760765076,0.0,-0.028423840180039406,D,0
55.260937145,0,0.45385655760765076,0.0,-0.028423840180039406,D,0
55.310045624,0,0.4551858901977539,0.0,-0.023009775206446648,D,0
55.360745587,0,0.4551858901977539,0.0,-0.023009775206446648,D,0
55.410060788,0,0.4551858901977539,0.0,-0.023009775206446648,D,0
55.46086592,0,0.4551858901977539,0.0,-0.023009775206446648,D,0
55.509990524,0,0.4525272250175476,0.0,-0.028423840180039406,D,0
55.561082687,0,0.4525272250175476,0.0,-0.028423840180039406,D,0
55.610060849,0,0.453191876411438,0.0,-0.025716807693243027,D,0
55.660836001,0,0.453191876411438,0.0,-0.025716807693243027,D,0
55.710029651,0,0.4525272250175476,0.0,-0.028423840180039406,D,0
55.760879065,0,0.4525272250175476,0.0,-0.028423840180039406,D,0
55.81002981,0,0.45452120900154114,0.0,-0.025716807693243027,D,0
55.861032417,0,0.45452120900154114,0.0,-0.025716807693243027,D,0
55.91004011,0,0.45452120900154114,0.0,-0.025716807693243027,D,0
55.960799105,0,0.45452120900154114,0.0,-0.025716807693243027,D,0
56.01005121,0,0.45452120900154114,0.0,-0.02030274271965027,D,0
56.060847861,0,0.45452120900154114,0.0,-0.02030274271965027,D,0
56.110058115,0,0.45385655760765076,0.0,-0.023009775206446648,D,0
56.160872299,0,0.45385655760765076,0.0,-0.023009775206446648,D,0
56.210071963,0,0.4519733190536499,0.0,-0.030679699033498764,D,0
56.260837035,0,0.4519733190536499,0.0,-0.030679699033498764,D,0
56.310049017,0,0.4519733190536499,0.0,-0.02075391449034214,D,0
56.360815016,0,0.4519733190536499,0.0,-0.02075391449034214,D,0
56.410043316,0,0.45330268144607544,0.0,-0.02075391449034214,D,0
56.460797444,0,0.45330268144607544,0.0,-0.02075391449034214,D,0
56.510056972,0,0.4551858901977539,0.0,-0.023009775206446648,D,0
56.561045051,0,0.4551858901977539,0.0,-0.023009775206446648,D,0
56.610046215,0,0.453191876411438,0.0,-0.025716807693243027,D,0
56.660725539,0,0.453191876411438,0.0,-0.025716807693243027,D,0
56.71003933,0,0.45330268144607544,0.0,-0.02075391449034214,D,0
56.760685507,0,0.45330268144607544,0.0,-0.02075391449034214,D,0
56.810100276,0,0.4519733190536499,0.0,-0.030679699033498764,D,0
56.860685757,0,0.4519733190536499,0.0,-0.030679699033498764,D,0
56.91004687,0,0.4525272250175476,0.0,-0.028423840180039406,D,0
56.9607053,0,0.4525272250175476,0.0,-0.028423840180039406,D,0
57.010036752,0,0.45507511496543884,0.0,-0.01804688200354576,D,0
57.060669488,0,0.45507511496543884,0.0,-0.01804688200354576,D,0
57.110029127,0,0.45452120900154114,0.0,-0.02030274271965027,D,0
57.160651529,0,0.45452120900154114,0.0,-0.02030274271965027,D,0
57.210202468,0,0.45507511496543884,0.0,-0.01804688200354576,D,0
57.261244138,0,0.45507511496543884,0.0,-0.01804688200354576,D,0
57.310861084,0,0.4519733190536499,0.0,-0.030679699033498764,D,0
57.360651733,0,0.4519733190536499,0.0,-0.030679699033498764,D,0
57.41004999,0,0.4519733190536499,0.0,-0.0261679794639349,D,0
57.460914501,0,0.4519733190536499,0.0,-0.0261679794639349,D,0
57.51003395,0,0.45263800024986267,0.0,-0.02346094697713852,D,0
57.5606871,0,0.45263800024986267,0.0,-0.02346094697713852,D,0
57.610029461,0,0.45452120900154114,0.0,-0.02030274271965027,D,0
57.660902387,0,0.45452120900154114,0.0,-0.02030274271965027,D,0
57.710620694,0,0.4539673328399658,0.0,-0.01804688200354576,D,0
57.761055251,0,0.4539673328399658,0.0,-0.01804688200354576,D,0
57.810034336,0,0.45385655760765076,0.0,-0.028423840180039406,D,0
57.860705499,0,0.45385655760765076,0.0,-0.028423840180039406,D,0
57.910087311,0,0.453191876411438,0.0,-0.025716807693243027,D,0
57.960901365,0,0.453191876411438,0.0,-0.025716807693243027,D,0
58.010063495,0,0.4514194428920746,0.0,-0.028423840180039406,D,0
58.060672265,0,0.4514194428920746,0.0,-0.028423840180039406,D,0
58.110029822,0,0.45385655760765076,0.0,-0.023009775206446648,D,0
58.160649886,0,0.45385655760765076,0.0,-0.023009775206446648,D,0
58.210042574,0,0.45385655760765076,0.0,-0.028423840180039406,D,0
58.260692393,0,0.45385655760765076,0.0,-0.028423840180039406,D,0
58.3100097,0,0.45452120900154114,0.0,-0.015791021287441254,D,0
58.360906621,0,0.45452120900154114,0.0,-0.015791021287441254,D,0
58.410057167,0,0.45385655760765076,0.0,-0.023009775206446648,D,0
58.460682191,0,0.45385655760765076,0.0,-0.023009775206446648,D,0
58.51005373,0,0.4519733190536499,0.0,-0.03609376400709152,D,0
58.560671042,0,0.4519733190536499,0.0,-0.03609376400709152,D,0
58.610051604,0,0.45263800024986267,0.0,-0.02346094697713852,D,0
58.660640344,0,0.45263800024986267,0.0,-0.02346094697713852,D,0
58.71004743,0,0.4513086676597595,0.0,-0.02346094697713852,D,0
58.760645865,0,0.4513086676597595,0.0,-0.02346094697713852,D,0
58.810040921,0,0.4551858901977539,0.0,-0.023009775206446648,D,0
58.86065465,0,0.4551858901977539,0.0,-0.023009775206446648,D,0
58.910044874,0,0.45385655760765076,0.0,-0.028423840180039406,D,0
58.960666826,0,0.45385655760765076,0.0,-0.028423840180039406,D,0
59.010051546,0,0.4525272250175476,0.0,-0.028423840180039406,D,0
59.060882074,0,0.4525272250175476,0.0,-0.028423840180039406,D,0
59.110056136,0,0.4514194428920746,0.0,-0.028423840180039406,D,0
59.160672166,0,0.4514194428920746,0.0,-0.028423840180039406,D,0
59.210074131,0,0.45263800024986267,0.0,-0.03338673338294029,D,0
59.260755656,0,0.45263800024986267,0.0,-0.03338673338294029,D,0
59.310050628,0,0.45385655760765076,0.0,-0.023009775206446648,D,0
59.36069411,0,0.45385655760765076,0.0,-0.023009775206446648,D,0
59.410052369,0,0.45330268144607544,0.0,-0.02075391449034214,D,0
59.460672463,0,0.45330268144607544,0.0,-0.02075391449034214,D,0
59.510047008,0,0.4551858901977539,0.0,-0.023009775206446648,D,0
59.560874944,0,0.4551858901977539,0.0,-0.023009775206446648,D,0
59.610053165,0,0.45263800024986267,0.0,-0.03338673338294029,D,0
59.660895275,0,0.45263800024986267,0.0,-0.03338673338294029,D,0
59.710203493,0,0.4519733190536499,0.0,-0.030679699033498764,D,0
59.761079614,0,0.4519733190536499,0.0,-0.030679699033498764,D,0
59.81014262,0,0.4519733190536499,0.0,-0.030679699033498764,D,0
59.860886632,0,0.45263800024986267,0.0,-0.02346094697713852,D,0
59.910171077,0,0.45263800024986267,0.0,-0.02346094697713852,D,0
59.960927696,0,0.45385655760765076,0.0,-0.023009775206446648,D,0
60.010085918,0,0.45385655760765076,0.0,-0.023009775206446648,D,0
60.061062567,0,0.45452120900154114,0.0,-0.025716807693243027,D,0
60.11014176,0,0.45452120900154114,0.0,-0.025716807693243027,D,0
60.160837233,0,0.45263800024986267,0.0,-0.03338673338294029,D,0
60.210108655,0,0.45263800024986267,0.0,-0.03338673338294029,D,0
60.260823261,0,0.45385655760765076,0.0,-0.028423840180039406,D,0
60.310057952,0,0.45385655760765076,0.0,-0.028423840180039406,D,0
60.360793835,0,0.45263800024986267,0.0,-0.03338673338294029,D,0
60.410081382,0,0.45263800024986267,0.0,-0.03338673338294029,D,0
60.460886983,0,0.453191876411438,0.0,-0.025716807693243027,D,0
60.510044853,0,0.453191876411438,0.0,-0.025716807693243027,D,0
60.560781536,0,0.453191876411438,0.0,-0.025716807693243027,D,0
60.610034464,0,0.453191876411438,0.0,-0.025716807693243027,D,0
60.660887738,0,0.4551858901977539,0.0,-0.023009775206446648,D,0
60.710061766,0,0.4551858901977539,0.0,-0.023009775206446648,D,0
60.760712573,0,0.4551858901977539,0.0,-0.023009775206446648,D,0
60.810107753,0,0.4551858901977539,0.0,-0.023009775206446648,D,0
60.86098336,0,0.45064398646354675,0.0,-0.03609376400709152,D,0
60.910060474,0,0.45064398646354675,0.0,-0.03609376400709152,D,0
60.960753835,0,0.4525272250175476,0.0,-0.028423840180039406,D,0
61.010053315,0,0.4525272250175476,0.0,-0.028423840180039406,D,0
61.060839845,0,0.4525272250175476,0.0,-0.028423840180039406,D,0
61.110037227,0,0.4525272250175476,0.0,-0.028423840180039406,D,0
61.160802704,0,0.4551858901977539,0.0,-0.01308398973196745,D,0
61.210048752,0,0.4551858901977539,0.0,-0.01308398973196745,D,0
61.261660667,0,0.453191876411438,0.0,-0.025716807693243027,D,0
61.310015834,0,0.453191876411438,0.0,-0.025716807693243027,D,0
61.361482138,0,0.4519733190536499,0.0,-0.030679699033498764,D,0
61.410065273,0,0.4519733190536499,0.0,-0.030679699033498764,D,0
61.461453604,0,0.4525272250175476,0.0,-0.028423840180039406,D,0
61.510105049,0,0.4525272250175476,0.0,-0.028423840180039406,D,0
61.560987661,0,0.4525272250175476,0.0,-0.028423840180039406,D,0
61.610064676,0,0.4525272250175476,0.0,-0.028423840180039406,D,0
61.660748565,0,0.45385655760765076,0.0,-0.023009775206446648,D,0
61.710072649,0,0.45385655760765076,0.0,-0.023009775206446648,D,0
61.760747899,0,0.45385655760765076,0.0,-0.023009775206446648,D,0
61.810076782,0,0.45385655760765076,0.0,-0.023009775206446648,D,0
61.86083122,0,0.45507511496543884,0.0,-0.01804688200354576,D,0
61.910053943,0,0.45507511496543884,0.0,-0.01804688200354576,D,0
61.96085871,0,0.453191876411438,0.0,-0.031130870804190636,D,0
62.010070745,0,0.453191876411438,0.0,-0.031130870804190636,D,0
62.060980359,0,0.4519733190536499,0.0,-0.0261679794639349,D,0
62.110063644,0,0.4519733190536499,0.0,-0.0261679794639349,D,0
62.160753642,0,0.453191876411438,0.0,-0.025716807693243027,D,0
62.21008969,0,0.453191876411438,0.0,-0.025716807693243027,D,0
62.260787846,0,0.45385655760765076,0.0,-0.023009775206446648,D,0
62.310065887,0,0.45385655760765076,0.0,-0.023009775206446648,D,0
62.360994539,0,0.4539673328399658,0.0,-0.01804688200354576,D,0
62.410106491,0,0.4539673328399658,0.0,-0.01804688200354576,D,0
62.460756334,0,0.4519733190536499,0.0,-0.0261679794639349,D,0
62.510067106,0,0.4519733190536499,0.0,-0.0261679794639349,D,0
62.560770958,0,0.45452120900154114,0.0,-0.025716807693243027,D,0
62.61008061,0,0.45452120900154114,0.0,-0.025716807693243027,D,0
62.660754834,0,0.45263800024986267,0.0,-0.03338673338294029,D,0
62.710096674,0,0.45263800024986267,0.0,-0.03338673338294029,D,0
62.760762867,0,0.45263800024986267,0.0,-0.02346094697713852,D,0
62.810071879,0,0.45263800024986267,0.0,-0.02346094697713852,D,0
62.860742807,0,0.45330268144607544,0.0,-0.02075391449034214,D,0
62.91009127,0,0.45330268144607544,0.0,-0.02075391449034214,D,0
62.960777172,0,0.4557397663593292,0.0,-0.02075391449034214,D,0
63.010072681,0,0.4557397663593292,0.0,-0.02075391449034214,D,0
63.060746871,0,0.45452120900154114,0.0,-0.02030274271965027,D,0
63.110080838,0,0.45452120900154114,0.0,-0.02030274271965027,D,0
63.16096495,0,0.4514194428920746,0.0,-0.028423840180039406,D,0
63.210103328,0,0.4514194428920746,0.0,-0.028423840180039406,D,0
63.261411539,0,0.45385655760765076,0.0,-0.023009775206446648,D,0
63.310084385,0,0.45385655760765076,0.0,-0.023009775206446648,D,0
63.360773005,0,0.45385655760765076,0.0,-0.023009775206446648,D,0
63.410086718,0,0.45385655760765076,0.0,-0.023009775206446648,D,0
63.461428268,0,0.45452120900154114,0.0,-0.015791021287441254,D,0
63.510059616,0,0.45452120900154114,0.0,-0.015791021287441254,D,0
63.560790342,0,0.45263800024986267,0.0,-0.01804688200354576,D,0
63.610075931,0,0.45263800024986267,0.0,-0.01804688200354576,D,0
63.660807137,0,0.4519733190536499,0.0,-0.0261679794639349,D,0
63.710073625,0,0.4519733190536499,0.0,-0.0261679794639349,D,0
63.760778787,0,0.45385655760765076,0.0,-0.028423840180039406,D,0
63.810096756,0,0.45385655760765076,0.0,-0.028423840180039406,D,0
63.860757828,0,0.4519733190536499,0.0,-0.0261679794639349,D,0
63.910058935,0,0.4519733190536499,0.0,-0.0261679794639349,D,0
63.960731717,0,0.45330268144607544,0.0,-0.02075391449034214,D,0
64.01007285,0,0.45330268144607544,0.0,-0.02075391449034214,D,0
64.060768603,0,0.45385655760765076,0.0,-0.023009775206446648,D,0
64.110081866,0,0.45385655760765076,0.0,-0.023009775206446648,D,0
64.160789298,0,0.45452120900154114,0.0,-0.015791021287441254,D,0
64.210078821,0,0.45452120900154114,0.0,-0.015791021287441254,D,0
64.260786412,0,0.4519733190536499,0.0,-0.0261679794639349,D,0
64.310071072,0,0.4519733190536499,0.0,-0.0261679794639349,D,0
64.360753451,0,0.42859920859336853,0.0,-0.04376368969678879,D,0
64.41087639,0,0.42859920859336853,0.0,-0.04376368969678879,D,0
64.461610857,0,0.3570367693901062,0.0,-0.06181057170033455,D,0
64.510088593,0,0.3570367693901062,0.0,-0.06181057170033455,D,0
64.560819541,0,0.25512123107910156,0.0,-0.00225586025044322,D,0
64.610098377,0,0.25512123107910156,0.0,-0.00225586025044322,D,0
64.660773141,0,0.20128321647644043,0.0,-0.01037695724517107,D,0
64.710072295,0,0.20128321647644043,0.0,-0.01037695724517107,D,0
64.760749811,0,0.1329333335161209,0.0,-0.046019550412893295,D,0
64.810099421,0,0.1329333335161209,0.0,-0.046019550412893295,D,0
64.860789927,0,0.0601523332297802,0.0,-0.03834962472319603,D,0
64.910075802,0,0.0601523332297802,0.0,-0.03834962472319603,D,0
64.961032926,0,0.005760444328188896,0.0,-0.01804688200354576,D,0
65.010075379,0,0.005760444328188896,0.0,-0.01804688200354576,D,0
65.061012567,0,0.0,0.006978999823331833,0.00225586025044322,D,0
65.110107396,0,0.0,0.006978999823331833,0.00225586025044322,D,0
65.162276983,0,0.0,0.0031017777509987354,0.0027070322539657354,D,0
65.210077055,0,0.0,0.0031017777509987354,0.0027070322539657354,D,0
65.261436614,0,0.0037664445117115974,0.0,-0.005414064507931471,D,0
65.310063415,0,0.0037664445117115974,0.0,-0.005414064507931471,D,0
65.360804439,0,0.0013293332885950804,0.0,0.0,D,0
65.410072939,0,0.0013293332885950804,0.0,0.0,D,0
65.46121701,0,0.0,0.0,0.0,D,0
65.510056644,0,0.0,0.0,0.0,D,0
65.560775559,0,0.0,0.0,0.0,D,0
65.610088949,0,0.0,0.0,0.0,D,0
65.660757984,0,0.0,0.0,0.0,D,0
65.71005448,0,0.0,0.0,0.0,D,0
65.760760533,0,0.0,0.0,0.0,D,0
65.810061029,0,0.0,0.0,0.0,D,0
65.8607858,0,0.0,0.0,0.0,D,0
65.910062267,0,0.0,0.0,0.0,D,0
65.9607146,0,0.0,0.0,0.0,D,0
66.010055537,0,0.0,0.0,0.0,D,0
66.061408599,0,0.0,0.0,0.0,D,0
66.110091486,0,0.0,0.0,0.0,D,0
66.160785827,0,0.0,0.0,0.0,D,0
66.210087632,0,0.0,0.0,0.0,D,0
66.261396029,0,0.0,0.0,0.0,D,0
66.310053095,0,0.0,0.0,0.0,D,0
66.360741357,0,0.0,0.0,0.0,D,0
66.410071927,0,0.0,0.0,0.0,D,0
66.46076646,0,0.0,0.0,0.0,D,0
66.51007748,0,0.0,0.0,0.0,D,0
66.561015786,0,0.0,0.0,0.0,D,0
66.610074586,0,0.0,0.0,0.0,D,0
66.660765024,0,0.0,0.0,0.0,D,0
66.710081452,0,0.0,0.0,0.0,D,0
66.760761683,0,0.0,0.0,0.0,D,0
66.810069247,0,0.0,0.0,0.0,D,0
66.860746983,0,0.0,0.0,0.0,D,0
66.910116683,0,0.0,0.0,0.0,D,0
66.960782676,0,0.0,0.0,0.0,D,0
67.010072578,0,0.0,0.0,0.0,D,0
67.06076439,0,0.0,0.0,0.0,D,0
67.110098189,0,0.0,0.0,0.0,D,0
67.161475214,0,0.0,0.0,0.0,D,0
67.210093564,0,0.0,0.0,0.0,D,0
67.260746469,0,0.0,0.0,0.0,D,0
67.31028667,0,0.0,0.0,0.0,D,0
67.360746259,0,0.0,0.0,0.0,D,0
67.410106262,0,0.0,0.0,0.0,D,0
67.461220605,0,0.0,0.0,0.0,D,0
67.510052972,0,0.0,0.0,0.0,D,0
67.561078048,0,0.0,0.0,0.0,D,0
67.610665059,0,0.0,0.0,0.0,D,0
67.66077209,0,0.0,0.0,0.0,D,0
67.710065383,0,0.0,0.0,0.0,D,0
67.760741101,0,0.0,0.0,0.0,D,0
67.810048728,0,0.0,0.0,0.0,D,0
67.860749786,0,0.0,0.0,0.0,D,0
67.910072995,0,0.0,0.0,0.0,D,0
67.96076327,0,0.0,0.0,0.0,D,0
68.010065489,0,0.0,0.0,0.0,D,0
68.060729911,0,0.0,0.0,0.0,D,0
68.110055325,0,0.0,0.0,0.0,D,0
68.160712324,0,0.0,0.0,0.0,D,0
68.210093378,0,0.0,0.0,0.0,D,0
68.260761735,0,0.0,0.0,0.0,D,0
68.310061169,0,0.0,0.0,0.0,D,0
68.36080174,0,0.0,0.0,0.0,D,0
68.410089271,0,0.0,0.0,0.0,D,0
68.460729473,0,0.0,0.0,0.0,D,0
68.510053063,0,0.0,0.0,0.0,D,0
68.560735274,0,0.0,0.0,0.0,D,0
68.610081326,0,0.0,0.0,0.0,D,0
68.660746675,0,0.0,0.0,0.0,D,0
68.710051196,0,0.0,0.0,0.0,D,0
68.760700068,0,0.0,0.0,0.0,D,0
68.810068932,0,0.0,0.0,0.0,D,0
68.860730346,0,0.0,0.0,0.0,D,0
68.910048242,0,0.0,0.0,0.0,D,0
68.960705912,0,0.0,0.0,0.0,D,0
69.010055962,0,0.0,0.0,0.0,D,0
69.060745274,0,0.0,0.0,0.0,D,0
69.110038947,0,0.0,0.0,0.0,D,0
69.160747073,0,0.0,0.0,0.0,D,0
69.210127037,0,0.0,0.0,0.0,D,0
69.260816733,0,0.0,0.0,0.0,D,0
69.310091433,0,0.0,0.0,0.0,D,0
69.360737743,0,0.0,0.0,0.0,D,0
69.410055925,0,0.0,0.0,0.0,D,0
69.460740982,0,0.0,0.0,0.0,D,0
69.510085879,0,0.0,0.0,0.0,D,0
69.56074662,0,0.0,0.0,0.0,D,0
69.610047747,0,0.0,0.0,0.0,D,0
69.660797851,0,0.0,0.0,0.0,D,0
69.710079878,0,0.0,0.0,0.0,D,0
69.760745641,0,0.0,0.0,0.0,D,0
69.810059951,0,0.0,0.0,0.0,D,0
69.860799912,0,0.0,0.0,0.0,D,0
69.910043096,0,0.0,0.0,0.0,D,0
69.960757877,0,0.0,0.0,0.0,D,0
70.010050045,0,0.0,0.0,0.0,D,0
70.060714143,0,0.0,0.0,0.0,D,0
70.110034018,0,0.0,0.0,0.0,D,0
70.160691141,0,0.0,0.0,0.0,D,0
70.210061825,0,0.0,0.0,0.0,D,0
70.260769085,0,0.0,0.0,0.0,D,0
70.310069219,0,0.0,0.0,0.0,D,0
70.360890606,0,0.0,0.0,0.0,D,0
70.410026284,0,0.0,0.0,0.0,D,0
70.460875476,0,0.0,0.0,0.0,D,0
70.510008722,0,0.0,0.0,0.0,D,0
70.560941485,0,0.0,0.0,0.0,D,0
70.610006837,0,0.0,0.0,0.0,D,0
70.660719984,0,0.0,0.0,0.0,D,0
70.710319211,0,0.0,0.0,0.0,D,0
70.760776139,0,0.0,0.0,0.0,D,0
70.810657853,0,0.0,0.0,0.0,D,0
70.860931063,0,0.0,0.0,0.0,D,0
70.909995328,0,0.0,0.0,0.0,D,0
70.961135101,0,0.0,0.0,0.0,D,0
71.010041275,0,0.0,0.0,0.0,D,0
71.060939481,0,0.0,0.0,0.0,D,0
71.110014974,0,0.0,0.0,0.0,D,0
71.161296133,0,0.0,0.0,0.0,D,0
71.209988481,0,0.0,0.0,0.0,D,0
71.261486345,0,0.0,0.0,0.0,D,0
71.310028794,0,0.0,0.0,0.0,D,0
71.3611821,0,0.0,0.0,0.0,D,0
71.409994623,0,0.0,0.0,0.0,D,0
71.460698201,0,0.0,0.0,0.0,D,0
71.510027641,0,0.0,0.0,0.0,D,0
71.561198992,0,0.0,0.0,0.0,D,0
71.610029528,0,0.0,0.0,0.0,D,0
71.660919416,0,0.0,0.0,0.0,D,0
71.710010266,0,0.0,0.0,0.0,D,0
71.76091324,0,0.0,0.0,0.0,D,0
71.810001339,0,0.0,0.0,0.0,D,0
71.861160147,0,0.0,0.0,0.0,D,0
71.910019095,0,0.0,0.0,0.0,D,0
71.960679064,0,0.0,0.0,0.0,D,0
72.010251348,0,0.0,0.0,0.0,D,0
72.060754314,0,0.0,0.0,0.0,D,0
72.110259055,0,0.0,0.0,0.0,D,0
72.160923533,0,0.0,0.0,0.0,D,0
72.210250923,0,0.0,0.0,0.0,D,0
72.260971905,0,0.0,0.0,0.0,D,0
72.310072705,0,0.0,0.0,0.0,D,0
72.360692933,0,0.0,0.0,0.0,D,0
72.410207753,0,0.0,0.0,0.0,D,0
72.460687713,0,0.0,0.0,0.0,D,0
72.510015776,0,0.0,0.0,0.0,D,0
72.560659329,0,0.0,0.0,0.0,D,0
72.610001598,0,0.0,0.0,0.0,D,0
72.660697495,0,0.0,0.0,0.0,D,0
72.710015383,0,0.0,0.0,0.0,D,0
72.76068834,0,0.0,0.0,0.0,D,0
72.81000834,0,0.0,0.0,0.0,D,0
72.861363534,0,0.0,0.0,0.0,D,0
72.910063783,0,0.0,0.0,0.0,D,0
72.96072519,0,0.0,0.0,0.0,D,0
73.010077632,0,0.0,0.0,0.0,D,0
73.060791413,0,0.0,0.0,0.0,D,0
73.110288697,0,0.0,0.0,0.0,D,0
73.160848261,0,0.0,0.0,0.0,D,0
73.210423006,0,0.0,0.0,0.0,D,0
73.260419227,0,0.0,0.0,0.0,D,0
73.310209685,0,0.0,0.0,0.0,D,0
73.360813018,0,0.0,0.0,0.0,D,0
73.410103324,0,0.0,0.0,0.0,D,0
