t_rel,estop,throttle,brake,steer,mode
0.015684427,0,0.0,0.964309811592102,0.2647765874862671,N
0.065654744,0,0.0,0.964309811592102,0.2647765874862671,N
0.11451962,0,0.0,0.0,-0.0,N
0.166045706,0,0.0,0.0,-0.0,N
0.216846214,0,0.0,0.0,-0.0,N
0.268284103,0,0.0,0.0,-0.0,N
0.315418575,0,0.0,0.0,-0.0,N
0.36601296,0,0.0,0.0,-0.0,N
0.416127124,0,0.0,0.0,-0.0,N
0.46767606,0,0.0,0.0,-0.0,N
0.519186849,0,0.0,0.0,-0.0,N
0.568185333,0,0.0,0.0,-0.0,N
0.627456508,0,0.0,0.0,-0.0,N
0.670063422,0,0.0,0.0,-0.0,N
0.720895004,0,0.0,0.0,-0.0,N
0.776318051,0,0.0,0.0,-0.0,N
0.823363398,0,0.0,0.0,-0.0,N
0.882265239,0,0.0,0.0,-0.0,N
0.951880042,0,0.0,0.0,-0.0,N
0.981563824,0,0.0,0.0,-0.0,N
1.030629497,0,0.0,0.0,-0.0,N
1.080992106,0,0.0,0.0,-0.0,N
1.139161843,0,0.0,0.0,-0.0,N
1.17859299,0,0.0,0.0,-0.0,N
1.229976905,0,0.0,0.0,-0.0,N
1.284562504,0,0.0,0.0,-0.0,N
1.332625464,0,0.0,0.0,-0.0,N
1.380620229,0,0.0,0.0,-0.0,N
1.4353427,0,0.0,0.0,-0.0,N
1.481317478,0,0.0,0.0,-0.0,N
1.534722339,0,0.0,0.0,-0.0,N
1.594891485,0,0.0,0.0,-0.0,N
1.631293149,0,0.0,0.0,-0.0,N
1.685285499,0,0.0,0.0,-0.0,N
1.73372688,0,0.0,0.0,-0.0,N
1.783084025,0,0.0,0.0,-0.0,N
1.832901324,0,0.0,0.0,-0.0,N
1.886151136,0,0.0,0.0,-0.0,N
1.934071995,0,0.0,0.0,-0.0,N
1.984498399,0,0.0,0.0,-0.0,N
2.038781239,0,0.0,0.0,-0.0,N
2.086243033,0,0.0,0.0,-0.0,N
2.140787263,0,0.0,0.0,-0.0,N
2.188921382,0,0.0,0.0,-0.0,N
2.242779174,0,0.0,0.0,-0.0,N
2.290681472,0,0.0,0.0,-0.0,N
2.342095739,0,0.0,0.0,-0.0,N
2.392582018,0,0.0,0.0,-0.0,N
2.4443404,0,0.0,0.0,-0.0,N
2.494751411,0,0.0,0.0,-0.0,N
2.54595485,0,0.0,0.0,-0.0,N
2.600939584,0,0.0,0.0,-0.0,N
2.645944316,0,0.0,0.0,-0.0,N
2.696401058,0,0.0,0.0,-0.0,N
2.74539676,0,0.0,0.0,-0.0,N
2.795207035,0,0.0,0.0,-0.0,N
2.850098548,0,0.0,0.0,-0.0,N
2.899225297,0,0.0,0.0,-0.0,N
2.947535519,0,0.0,0.0,-0.0,N
2.996556777,0,0.0,0.0,-0.0,N
3.04759683,0,0.0,0.0,-0.0,N
3.097621885,0,0.0,0.0,-0.0,N
3.151988675,0,0.0,0.0,-0.0,N
3.197231044,0,0.0,0.0,-0.0,N
3.253704505,0,0.0,0.0,-0.0,N
3.299797736,0,0.0,0.0,-0.0,N
3.351079817,0,0.0,0.0,-0.0,N
3.399132704,0,0.0,0.0,-0.0,N
3.455885508,0,0.0,0.0,-0.0,N
3.502384744,0,0.0,0.0,-0.0,N
3.550098572,0,0.0,0.0,-0.0,N
3.602836123,0,0.0,0.0,-0.0,N
3.652830873,0,0.0,0.0,-0.0,N
3.703396052,0,0.0,0.0,-0.0,N
3.752204339,0,0.0,0.0,-0.0,N
3.807371939,0,0.0,0.0,-0.0,N
3.852906388,0,0.0,0.0,-0.0,N
3.905426103,0,0.0,0.0,-0.0,N
3.955334978,0,0.0,0.0,-0.0,N
4.006131161,0,0.0,0.0,-0.0,N
4.05992718,0,0.0,0.0,-0.0,N
4.111190076,0,0.4751995801925659,0.0,0.024526430293917656,N
4.160182359,0,0.9994210600852966,0.0,0.034022845327854156,N
4.211326945,0,0.999828577041626,0.0,-0.018515344709157944,N
4.261367602,0,0.9997279047966003,0.0,-0.02332698367536068,N
4.316248028,0,0.9997384548187256,0.0,-0.022869834676384926,N
4.362611632,0,0.999951958656311,0.0,-0.009803450666368008,N
4.416828312,0,1.0,0.0,-0.0,N
4.465999004,0,0.9999946355819702,0.0,0.003267956431955099,N
4.522875341,0,0.9999786615371704,0.0,0.006535808090120554,N
4.566937546,0,0.9999786615371704,0.0,0.006535808090120554,N
4.626802677,0,0.9999786615371704,0.0,0.006535808090120554,N
4.663898859,0,0.9999786615371704,0.0,0.006535808090120554,N
4.718527305,0,0.9950371980667114,0.0,0.09950371831655502,N
4.768844008,0,0.8560644388198853,0.0,0.5168691277503967,N
4.819043553,0,0.7792134284973145,0.0,0.6267586350440979,N
4.866982054,0,0.7754654884338379,0.0,0.6313899159431458,N
4.919459192,0,0.7528431415557861,0.0,0.6581999659538269,N
4.965824292,0,0.0,0.0,-0.0,N
5.01841927,0,0.0,0.0,-0.0,N
5.071391451,0,0.0,0.0,-0.0,N
5.116734355,0,0.9170046448707581,0.0,0.39887645840644836,N
5.168022708,0,0.9655429124832153,0.0,0.2602439820766449,N
5.218101465,0,0.9997550249099731,0.0,-0.022134797647595406,N
5.266528875,0,0.9763749837875366,0.0,-0.21608299016952515,N
5.317434713,0,0.8225679993629456,0.0,-0.344135582447052,N
5.372017567,0,0.0,0.0,-0.0,N
5.426272532,0,0.0,0.0,-0.0,N
5.468747901,0,0.0,0.0,-0.0,N
5.52207098,0,0.0,0.0,-0.0,N
5.574456443,0,0.0,0.0,-0.0,N
5.620020383,0,0.44181028008461,0.0,-0.27212953567504883,N
5.67255555,0,0.0,0.0,-0.0,N
5.724302486,0,0.0,0.0,-0.0,N
5.77821865,0,0.0,0.0,-0.0,N
5.823146494,0,0.3832254707813263,0.0,-0.28205394744873047,N
5.875265544,0,0.4634154140949249,0.0,-0.5190252661705017,N
5.926268149,0,0.4971226751804352,0.0,-0.7125424742698669,N
5.978391855,0,0.4730413854122162,0.0,-0.788402259349823,N
6.026623788,0,0.46766552329063416,0.0,-0.7865284085273743,N
6.082296466,0,0.46766552329063416,0.0,-0.7865284085273743,N
6.125971667,0,0.4657992124557495,0.0,-0.7791550755500793,N
6.177407244,0,0.46393558382987976,0.0,-0.7718201279640198,N
6.238292461,0,0.0,0.0,-0.0,N
6.280752212,0,0.0,0.0,-0.0,N
6.331485546,0,0.0,0.0,-0.0,N
6.380821213,0,0.0,0.0,-0.0,N
6.430801679,0,0.0,0.0397288054227829,0.08630740642547607,N
6.482857158,0,0.0,0.14889247715473175,0.15716427564620972,N
6.534154872,0,0.0,0.3131273686885834,0.20693634450435638,N
6.582252879,0,0.0,0.45176053047180176,0.24178732931613922,N
6.633480158,0,0.0,0.463146835565567,0.24443860352039337,N
6.685917767,0,0.0,0.463146835565567,0.24443860352039337,N
6.738582459,0,0.0,0.463146835565567,0.24443860352039337,N
6.793708678,0,0.0,0.463146835565567,0.24443860352039337,N
6.839313348,0,0.0,0.463146835565567,0.24443860352039337,N
6.897096752,0,0.0,0.463146835565567,0.24443860352039337,N
6.940268861,0,0.0,0.4746881127357483,0.2470979243516922,N
6.99054552,0,0.0,0.6526027321815491,0.2850448787212372,N
7.04023556,0,0.0,0.7605103254318237,0.30581367015838623,N
7.092732963,0,0.0,0.7893857359886169,0.3067561089992523,N
7.142150318,0,0.0,0.7893857359886169,0.3067561089992523,N
7.191688831,0,0.0,0.7880128622055054,0.30213963985443115,N
7.244858777,0,0.0,0.7880128622055054,0.30213963985443115,N
7.293964662,0,0.0,0.7880128622055054,0.30213963985443115,N
7.34733913,0,0.0,0.7880128622055054,0.30213963985443115,N
7.396598813,0,0.0,0.7880128622055054,0.30213963985443115,N
7.446348248,0,0.0,0.7880128622055054,0.30213963985443115,N
7.50305564,0,0.0,0.7880128622055054,0.30213963985443115,N
7.546154523,0,0.0,0.0,-0.0,N
7.603330001,0,0.0,0.0,-0.0,N
7.651719436,0,0.0,0.0,-0.0,N
7.703426018,0,0.0,0.12179019302129745,0.7231292724609375,N
7.754418935,0,0.0,0.12179019302129745,0.7231292724609375,N
7.799662014,0,0.007407204248011112,0.0,0.9999725818634033,N
7.850993923,0,0.016609003767371178,0.0,0.9998620748519897,N
7.90293101,0,0.015972403809428215,0.0,0.9998724460601807,N
7.948464401,0,0.015871016308665276,0.0,0.9998740553855896,N
8.001570615,0,0.015871016308665276,0.0,0.9998740553855896,N
8.051670966,0,0.015871016308665276,0.0,0.9998740553855896,N
8.100967344,0,0.015871016308665276,0.0,0.9998740553855896,N
8.181523602,0,0.015871016308665276,0.0,0.9998740553855896,N
8.208732707,0,0.015871016308665276,0.0,0.9998740553855896,N
8.251238953,0,0.015871016308665276,0.0,0.9998740553855896,N
8.308876605,0,0.015871016308665276,0.0,0.9998740553855896,N
8.357721731,0,0.015871016308665276,0.0,0.9998740553855896,N
8.402432557,0,0.015871016308665276,0.0,0.9998740553855896,N
8.454159989,0,0.015871016308665276,0.0,0.9998740553855896,N
8.504325078,0,0.015871016308665276,0.0,0.9998740553855896,N
8.598491393,0,0.015871016308665276,0.0,0.9998740553855896,N
8.609842404,0,0.015871016308665276,0.0,0.9998740553855896,N
8.656553448,0,0.015871016308665276,0.0,0.9998740553855896,N
8.713370263,0,0.015871016308665276,0.0,0.9998740553855896,N
8.758854724,0,0.015871016308665276,0.0,0.9998740553855896,N
8.815516428,0,0.015871016308665276,0.0,0.9998740553855896,N
8.860401118,0,0.015871016308665276,0.0,0.9998740553855896,N
8.910902912,0,0.015871016308665276,0.0,0.9998740553855896,N
8.966042863,0,0.015871016308665276,0.0,0.9998740553855896,N
9.01551415,0,0.015871016308665276,0.0,0.9998740553855896,N
9.062918563,0,0.015871016308665276,0.0,0.9998740553855896,N
9.116848829,0,0.015871016308665276,0.0,0.9998740553855896,N
9.167513416,0,0.015871016308665276,0.0,0.9998740553855896,N
9.213162711,0,0.015871016308665276,0.0,0.9998740553855896,N
9.265150428,0,0.015871016308665276,0.0,0.9998740553855896,N
9.319816183,0,0.015871016308665276,0.0,0.9998740553855896,N
9.36523158,0,0.015871016308665276,0.0,0.9998740553855896,N
9.416210677,0,0.015871016308665276,0.0,0.9998740553855896,N
9.464669471,0,0.015871016308665276,0.0,0.9998740553855896,N
9.514601578,0,0.015871016308665276,0.0,0.9998740553855896,N
9.568744878,0,0.015871016308665276,0.0,0.9998740553855896,N
9.617562152,0,0.015871016308665276,0.0,0.9998740553855896,N
9.665610464,0,0.015871016308665276,0.0,0.9998740553855896,N
9.715747124,0,0.015871016308665276,0.0,0.9998740553855896,N
9.775383625,0,0.015871016308665276,0.0,0.9998740553855896,N
9.819736479,0,0.015871016308665276,0.0,0.9998740553855896,N
9.86760088,0,0.015871016308665276,0.0,0.9998740553855896,N
9.922496437,0,0.015871016308665276,0.0,0.9998740553855896,N
9.968757433,0,0.015871016308665276,0.0,0.9998740553855896,N
10.024905824,0,0.015871016308665276,0.0,0.9998740553855896,N
10.070199612,0,0.015871016308665276,0.0,0.9998740553855896,N
10.121845956,0,0.015871016308665276,0.0,0.9998740553855896,N
10.170327719,0,0.015871016308665276,0.0,0.9998740553855896,N
10.225841779,0,0.015871016308665276,0.0,0.9998740553855896,N
10.270824994,0,0.019044164568185806,0.0,0.9998186230659485,N
10.331138073,0,0.019044164568185806,0.0,0.9998186230659485,N
10.37609863,0,0.019044164568185806,0.0,0.9998186230659485,N
10.425386955,0,0.019044164568185806,0.0,0.9998186230659485,N
10.475262569,0,0.019044164568185806,0.0,0.9998186230659485,N
10.526434045,0,0.019044164568185806,0.0,0.9998186230659485,N
10.580619473,0,0.019044164568185806,0.0,0.9998186230659485,N
10.631251214,0,0.019044164568185806,0.0,0.9998186230659485,N
10.697016812,0,0.019044164568185806,0.0,0.9998186230659485,N
10.732795317,0,0.019044164568185806,0.0,0.9998186230659485,N
10.781381468,0,0.019044164568185806,0.0,0.9998186230659485,N
10.835231778,0,0.019044164568185806,0.0,0.9998186230659485,N
10.885238053,0,0.019044164568185806,0.0,0.9998186230659485,N
10.930093028,0,0.019044164568185806,0.0,0.9998186230659485,N
10.990740878,0,0.019044164568185806,0.0,0.9998186230659485,N
11.049017592,0,0.019044164568185806,0.0,0.9998186230659485,N
11.082264677,0,0.019044164568185806,0.0,0.9998186230659485,N
11.143439557,0,0.019044164568185806,0.0,0.9998186230659485,N
11.188159462,0,0.019044164568185806,0.0,0.9998186230659485,N
11.234121497,0,0.01898391917347908,0.0,0.999819815158844,N
11.283810629,0,0.01898391917347908,0.0,0.999819815158844,N
11.335930708,0,0.01898391917347908,0.0,0.999819815158844,N
11.385064521,0,0.01898391917347908,0.0,0.999819815158844,N
11.433525058,0,0.01898391917347908,0.0,0.999819815158844,N
11.483656735,0,0.01898391917347908,0.0,0.999819815158844,N
11.53332785,0,0.01898391917347908,0.0,0.999819815158844,N
11.602155651,0,0.01898391917347908,0.0,0.999819815158844,N
11.634022167,0,0.01898391917347908,0.0,0.999819815158844,N
11.683977517,0,0.01898391917347908,0.0,0.999819815158844,N
11.753346396,0,0.01898391917347908,0.0,0.999819815158844,N
11.783720403,0,0.018924055621027946,0.0,0.9998209476470947,N
11.836503901,0,0.018924055621027946,0.0,0.9998209476470947,N
11.885732502,0,0.018924055621027946,0.0,0.9998209476470947,N
11.936973708,0,0.018924055621027946,0.0,0.9998209476470947,N
11.985546594,0,0.018924055621027946,0.0,0.9998209476470947,N
12.037168848,0,0.018924055621027946,0.0,0.9998209476470947,N
12.093508024,0,0.018924055621027946,0.0,0.9998209476470947,N
12.140381003,0,0.018924055621027946,0.0,0.9998209476470947,N
12.193646618,0,0.018924055621027946,0.0,0.9998209476470947,N
12.244210366,0,0.018924055621027946,0.0,0.9998209476470947,N
12.291083441,0,0.018924055621027946,0.0,0.9998209476470947,N
12.343472669,0,0.018924055621027946,0.0,0.9998209476470947,N
12.391827851,0,0.018924055621027946,0.0,0.9998209476470947,N
12.443903403,0,0.018924055621027946,0.0,0.9998209476470947,N
12.501563718,0,0.018924055621027946,0.0,0.9998209476470947,N
12.544935088,0,0.018924055621027946,0.0,0.9998209476470947,N
12.596335221,0,0.018924055621027946,0.0,0.9998209476470947,N
12.653829386,0,0.018924055621027946,0.0,0.9998209476470947,N
12.699358664,0,0.018924055621027946,0.0,0.9998209476470947,N
12.746397282,0,0.018924055621027946,0.0,0.9998209476470947,N
12.801710881,0,0.018924055621027946,0.0,0.9998209476470947,N
12.847959964,0,0.018924055621027946,0.0,0.9998209476470947,N
12.904228765,0,0.018924055621027946,0.0,0.9998209476470947,N
12.948446983,0,0.018924055621027946,0.0,0.9998209476470947,N
12.996736587,0,0.018924055621027946,0.0,0.9998209476470947,N
13.058050012,0,0.018924055621027946,0.0,0.9998209476470947,N
13.100637576,0,0.018924055621027946,0.0,0.9998209476470947,N
13.148223345,0,0.018924055621027946,0.0,0.9998209476470947,N
13.200662738,0,0.018924055621027946,0.0,0.9998209476470947,N
13.248379488,0,0.018924055621027946,0.0,0.9998209476470947,N
13.301624352,0,0.018924055621027946,0.0,0.9998209476470947,N
13.348227972,0,0.018924055621027946,0.0,0.9998209476470947,N
13.399384405,0,0.018924055621027946,0.0,0.9998209476470947,N
13.454426104,0,0.018924055621027946,0.0,0.9998209476470947,N
13.504866542,0,0.018924055621027946,0.0,0.9998209476470947,N
13.555013432,0,0.018924055621027946,0.0,0.9998209476470947,N
13.601245358,0,0.018924055621027946,0.0,0.9998209476470947,N
13.654583793,0,0.018924055621027946,0.0,0.9998209476470947,N
13.702233469,0,0.018924055621027946,0.0,0.9998209476470947,N
13.752339206,0,0.018924055621027946,0.0,0.9998209476470947,N
13.807246532,0,0.018864566460251808,0.0,0.9998220205307007,N
13.85489912,0,0.018864566460251808,0.0,0.9998220205307007,N
13.903144656,0,0.018864566460251808,0.0,0.9998220205307007,N
13.955742699,0,0.018864566460251808,0.0,0.9998220205307007,N
14.005795465,0,0.0,0.0,-0.0,N
14.057986228,0,0.0,0.0,-0.0,N
14.112413041,0,0.0,0.0,-0.0,N
14.162341611,0,0.0,0.0,-0.0,N
14.209137202,0,0.0,0.0,-0.0,N
14.25965536,0,0.4089767336845398,0.0,0.11892230808734894,N
14.320871893,0,0.4089767336845398,0.0,0.11892230808734894,N
14.359557621,0,0.4089767336845398,0.0,0.11892230808734894,N
14.41493298,0,0.4089767336845398,0.0,0.11892230808734894,N
14.462108713,0,0.4089767336845398,0.0,0.11892230808734894,N
14.514111854,0,0.4089767336845398,0.0,0.11892230808734894,N
14.564906663,0,0.4089767336845398,0.0,0.11892230808734894,N
14.618398466,0,0.4089767336845398,0.0,0.11892230808734894,N
14.669342784,0,0.4089767336845398,0.0,0.11892230808734894,N
14.716568055,0,0.4089767336845398,0.0,0.11892230808734894,N
14.765527661,0,0.4089767336845398,0.0,0.11892230808734894,N
14.816586991,0,0.4089767336845398,0.0,0.11892230808734894,N
14.868653431,0,0.4089767336845398,0.0,0.11892230808734894,N
14.931206033,0,0.4089767336845398,0.0,0.11892230808734894,N
14.982022177,0,0.4089767336845398,0.0,0.11892230808734894,N
15.030723463,0,0.4089767336845398,0.0,0.11892230808734894,N
15.08184557,0,0.4089767336845398,0.0,0.11892230808734894,N
15.135305582,0,0.4089767336845398,0.0,0.11892230808734894,N
15.184664555,0,0.4089767336845398,0.0,0.11892230808734894,N
15.233011077,0,0.4089767336845398,0.0,0.11892230808734894,N
15.289840007,0,0.4089767336845398,0.0,0.11892230808734894,N
15.331871844,0,0.4089767336845398,0.0,0.11892230808734894,N
15.382790328,0,0.4089767336845398,0.0,0.11892230808734894,N
15.436944189,0,0.4089767336845398,0.0,0.11892230808734894,N
15.483059849,0,0.4089767336845398,0.0,0.11892230808734894,N
15.53384108,0,0.4089767336845398,0.0,0.11892230808734894,N
15.58757163,0,0.4089767336845398,0.0,0.11892230808734894,N
15.633006914,0,0.4089767336845398,0.0,0.11892230808734894,N
15.693501732,0,0.4089767336845398,0.0,0.11892230808734894,N
15.735956944,0,0.4089767336845398,0.0,0.11892230808734894,N
15.785317229,0,0.4089767336845398,0.0,0.11892230808734894,N
15.834842384,0,0.4089767336845398,0.0,0.11892230808734894,N
15.885304244,0,0.4089767336845398,0.0,0.11892230808734894,N
15.938630375,0,0.4089767336845398,0.0,0.11892230808734894,N
15.985560044,0,0.0,0.0,-0.0,N
16.045309118,0,0.0,0.0,-0.0,N
16.087062966,0,0.0,0.0,-0.0,N
16.138451632,0,0.0,0.0,-0.0,N
16.192039924,0,0.0,0.0,-0.0,N
16.245784285,0,0.0,0.0,-0.0,N
16.290719872,0,0.0,0.0,-0.0,N
16.344298883,0,0.0,0.0,-0.0,N
16.397202928,0,0.0,0.0,-0.0,N
16.443365404,0,0.0,0.3297382593154907,0.12398158758878708,N
16.49356651,0,0.0,0.6967675685882568,0.1386042982339859,N
16.545335829,0,0.0,0.8646519780158997,0.13302338123321533,N
16.59643303,0,0.0,0.8646519780158997,0.13302338123321533,N
16.648013895,0,0.0,0.8646519780158997,0.13302338123321533,N
16.699496388,0,0.0,0.8564538955688477,0.13239866495132446,N
16.750668472,0,0.0,0.8564538955688477,0.13239866495132446,N
16.805138617,0,0.0,0.848295271396637,0.13177402317523956,N
16.849252352,0,0.0,0.848295271396637,0.13177402317523956,N
16.898034851,0,0.0,0.848295271396637,0.13177402317523956,N
16.948840679,0,0.0,0.848295271396637,0.13177402317523956,N
17.005748201,0,0.0,0.848295271396637,0.13177402317523956,N
17.048370817,0,0.0,0.848295271396637,0.13177402317523956,N
17.101725329,0,0.0,0.848295271396637,0.13177402317523956,N
17.15004784,0,0.0,0.848295271396637,0.13177402317523956,N
17.200474578,0,0.0,0.848295271396637,0.13177402317523956,N
17.249771776,0,0.0,0.848295271396637,0.13177402317523956,N
17.301474172,0,0.0,0.848295271396637,0.13177402317523956,N
17.362003762,0,0.0,0.848295271396637,0.13177402317523956,N
17.40499295,0,0.0,0.848295271396637,0.13177402317523956,N
17.452152351,0,0.0,0.848295271396637,0.13177402317523956,N
17.501442157,0,0.0,0.848295271396637,0.13177402317523956,N
17.551719707,0,0.0,0.848295271396637,0.13177402317523956,N
17.603057707,0,0.0,0.848295271396637,0.13177402317523956,N
17.654854313,0,0.0,0.848295271396637,0.13177402317523956,N
17.704024051,0,0.0,0.848295271396637,0.13177402317523956,N
17.756877523,0,0.0,0.0,-0.0,N
17.805279845,0,0.0,0.0,-0.0,N
17.856251912,0,0.0,0.0,-0.0,N
17.90819933,0,0.0,0.0,-0.0,N
17.961232893,0,0.0,0.0,-0.0,N
18.022049959,0,0.0,0.0,-0.0,N
18.060070422,0,0.0,0.0,-0.0,N
18.11535599,0,0.0,0.0,-0.0,N
18.160043793,0,0.0,0.0,-0.0,N
18.211096016,0,0.0,0.0,-0.0,N
18.266112807,0,0.0,0.0,-0.0,N
18.316097317,0,0.0,0.0,-0.0,N
18.367124579,0,0.0,0.0,-0.0,N
18.414448687,0,0.0,0.0,-0.0,N
18.465993788,0,0.0,0.0,-0.0,N
18.514320167,0,0.0,0.0,-0.0,N
18.567757806,0,0.0,0.0,-0.0,N
18.617571239,0,0.0,0.0,-0.0,N
18.665448772,0,0.7321177124977112,0.0,0.07626226544380188,N
18.715116631,0,0.7321177124977112,0.0,0.07626226544380188,N
18.770956169,0,0.8471996188163757,0.0,-0.03683476522564888,N
18.816665859,0,0.9935607314109802,0.0,-0.11330078542232513,N
18.865558815,0,0.9911220073699951,0.0,-0.1329553872346878,N
18.951898962,0,0.9917300343513489,0.0,-0.12834152579307556,N
18.967007468,0,0.9919189214706421,0.0,-0.12687334418296814,N
19.018781784,0,0.9919189214706421,0.0,-0.12687334418296814,N
19.06754238,0,0.9919189214706421,0.0,-0.12687334418296814,N
19.120735457,0,0.9923957586288452,0.0,-0.12308784574270248,N
19.16981811,0,0.9923957586288452,0.0,-0.12308784574270248,N
19.218258185,0,0.9928585886955261,0.0,-0.11929696798324585,N
19.286940388,0,0.9928585886955261,0.0,-0.11929696798324585,N
19.321013545,0,0.9928585886955261,0.0,-0.11929696798324585,N
19.368195567,0,0.99330735206604,0.0,-0.11550085991621017,N
19.418253608,0,0.9933584332466125,0.0,-0.11506082117557526,N
19.469223805,0,0.993789792060852,0.0,-0.11127375811338425,N
19.518469727,0,0.9938370585441589,0.0,-0.11085105687379837,N
19.568443542,0,0.9938370585441589,0.0,-0.11085105687379837,N
19.626804931,0,0.9942511320114136,0.0,-0.10707320272922516,N
19.670920398,0,0.9954090118408203,0.0,-0.09571240842342377,N
19.719714531,0,0.0,0.0,-0.0,N
19.774345379,0,0.0,0.0,-0.0,N
19.825995723,0,0.0,0.0,-0.0,N
19.874663836,0,0.0,0.0,-0.0,N
19.928261336,0,0.0,0.0,-0.0,N
19.974160568,0,0.0,0.0,-0.0,N
20.027783888,0,0.0,0.0,-0.0,N
20.075757898,0,0.0,0.0,-0.0,N
20.13126319,0,0.0,0.0,-0.0,N
20.19264615,0,0.0,0.0,-0.0,N
20.230087002,0,0.0,0.0,-0.0,N
20.281193291,0,0.0,0.0,-0.0,N
20.339118171,0,0.0,0.0,-0.0,N
20.38398595,0,0.0,0.0,-0.0,N
20.43541276,0,0.0,0.0,-0.0,N
20.482101071,0,0.0,0.0,-0.0,N
20.535994734,0,0.0,0.0,-0.0,N
20.584370643,0,0.0,0.0,-0.0,N
20.637643424,0,0.0,0.0,-0.0,N
20.686026886,0,0.0,0.0,-0.0,N
20.736803886,0,0.0,0.0,-0.0,N
20.787890047,0,0.0,0.0,-0.0,N
20.838174105,0,0.0,0.0,-0.0,N
20.888810813,0,0.0,0.0,-0.0,N
20.9395588,0,0.0,0.0,-0.0,N
20.991889276,0,0.0,0.0,-0.0,N
21.051295011,0,0.0,0.0,-0.0,N
21.091694449,0,0.0,0.0,-0.0,N
21.142185996,0,0.0,0.0,-0.0,N
21.198629124,0,0.0,0.0,-0.0,N
21.245511647,0,0.0,0.0,-0.0,N
21.295352584,0,0.0,0.0,-0.0,N
21.349488964,0,0.0,0.0,-0.0,N
21.401950002,0,0.0,0.0,-0.0,N
21.454186363,0,0.0,0.0,-0.0,N
21.546868916,0,0.0,0.0,-0.0,N
21.554371803,0,0.0,0.0,-0.0,N
21.598984058,0,0.0,0.0,-0.0,N
21.650274985,0,0.0,0.0,-0.0,N
21.698943636,0,0.0,0.0,-0.0,N
21.749862009,0,0.0,0.0,-0.0,N
21.803736206,0,0.0,0.0,-0.0,N
21.850975602,0,0.0,0.0,-0.0,N
21.903668196,0,0.0,0.0,-0.0,N
21.952296555,0,0.0,0.0,-0.0,N
22.000773741,0,0.0,0.0,-0.0,N
22.058026477,0,0.0,0.0,-0.0,N
22.101586324,0,0.0,0.0,-0.0,N
22.151909797,0,0.0,0.0,-0.0,N
22.201862989,0,0.0,0.0,-0.0,N
22.254173264,0,0.0,0.0,-0.0,N
22.305428633,0,0.0,0.0,-0.0,N
22.371215951,0,0.0,0.0,-0.0,N
22.410323398,0,0.0,0.0,-0.0,N
22.459272852,0,0.0,0.0,-0.0,N
22.507742679,0,0.0,0.0,-0.0,N
22.558109993,0,0.0,0.0,-0.0,N
22.60834604,0,0.0,0.0,-0.0,N
22.672798125,0,0.0,0.0,-0.0,N
22.710053141,0,0.0,0.0,-0.0,N
22.761099161,0,0.0,0.0,-0.0,N
22.814037932,0,0.0,0.0,-0.0,N
22.881623407,0,0.0,0.0,-0.0,N
22.920703627,0,0.0,0.0,-0.0,N
22.965221934,0,0.0,0.0,-0.0,N
23.018616964,0,0.0,0.0,-0.0,N
23.064904305,0,0.0,0.0,-0.0,N
23.116306583,0,0.0,0.0,-0.0,N
23.165999285,0,0.0,0.0,-0.0,N
23.217736612,0,0.0,0.0,-0.0,N
23.270459242,0,0.0,0.0,-0.0,N
23.320066469,0,0.0,0.0,-0.0,N
23.368185726,0,0.0,0.0,-0.0,N
23.415581829,0,0.0,0.0,-0.0,N
23.468212521,0,0.0,0.0,-0.0,N
23.517254775,0,0.0,0.0,-0.0,N
23.566377799,0,0.0,0.0,-0.0,N
23.620634546,0,0.0,0.0,-0.0,N
23.668042617,0,0.0,0.0,-0.0,N
23.723027573,0,0.0,0.0,-0.0,N
23.7677191,0,0.0,0.0,-0.0,N
23.825223028,0,0.0,0.0,-0.0,N
23.873065733,0,0.0,0.0,-0.0,N
23.920544885,0,0.0,0.0,-0.0,N
23.969344508,0,0.0,0.0,-0.0,N
24.020580761,0,0.0,0.0,-0.0,N
24.070794656,0,0.0,0.0,-0.0,N
24.122235842,0,0.0,0.0,-0.0,N
24.175502285,0,0.0,0.0,-0.0,N
24.222579725,0,0.0,0.0,-0.0,N
24.273761386,0,0.0,0.0,-0.0,N
24.326631724,0,0.0,0.0,-0.0,N
24.377249852,0,0.0,0.0,-0.0,N
24.426198566,0,0.0,0.0,-0.0,N
24.480662188,0,0.0,0.0,-0.0,N
24.532351923,0,0.0,0.0,-0.0,N
24.582838272,0,0.0,0.0,-0.0,N
24.632791905,0,0.0,0.0,-0.0,N
24.700781782,0,0.0,0.0,-0.0,N
24.731448006,0,0.0,0.0,-0.0,N
24.784172613,0,0.0,0.0,-0.0,N
24.841235813,0,0.0,0.0,-0.0,N
24.884312876,0,0.0,0.0,-0.0,N
24.934643337,0,0.0,0.0,-0.0,N
24.986400525,0,0.0,0.0,-0.0,N
25.038456215,0,0.0,0.0,-0.0,N
25.088632666,0,0.0,0.0,-0.0,N
25.134607428,0,0.0,0.0,-0.0,N
25.1846769,0,0.0,0.0,-0.0,N
25.234029909,0,0.0,0.0,-0.0,N
25.285738136,0,0.0,0.0,-0.0,N
25.343002865,0,0.0,0.0,-0.0,N
25.384956838,0,0.0,0.0,-0.0,N
25.436037884,0,0.0,0.0,-0.0,N
25.485508015,0,0.0,0.0,-0.0,N
25.534731774,0,0.0,0.0,-0.0,N
25.58932259,0,0.0,0.0,-0.0,N
25.641043713,0,0.0,0.0,-0.0,N
25.688406952,0,0.0,0.0,-0.0,N
25.739313882,0,0.0,0.0,-0.0,N
25.787142827,0,0.0,0.0,-0.0,N
25.842566013,0,0.0,0.0,-0.0,N
25.892169235,0,0.0,0.0,-0.0,N
25.943637465,0,0.0,0.0,-0.0,N
25.994749452,0,0.0,0.0,-0.0,N
26.041495976,0,0.0,0.0,-0.0,N
26.095013098,0,0.0,0.0,-0.0,N
26.142969183,0,0.0,0.0,-0.0,N
26.194141714,0,0.0,0.0,-0.0,N
26.244096942,0,0.0,0.0,-0.0,N
26.297251945,0,0.0,0.0,-0.0,N
26.347762384,0,0.0,0.0,-0.0,N
26.398884707,0,0.0,0.0,-0.0,N
26.45305317,0,0.0,0.0,-0.0,N
26.498548117,0,0.0,0.0,-0.0,N
26.549073276,0,0.0,0.0,-0.0,N
26.600690137,0,0.0,0.0,-0.0,N
26.651100189,0,0.0,0.0,-0.0,N
26.698923631,0,0.0,0.0,-0.0,N
26.751239705,0,0.0,0.0,-0.0,N
26.801148244,0,0.0,0.0,-0.0,N
26.85132082,0,0.0,0.0,-0.0,N
26.900329053,0,0.0,0.0,-0.0,N
26.950120246,0,0.0,0.0,-0.0,N
